id,nome,sku,descricao,quantidade,preco,categoria
,Eplerenone,42254-011,Bypass Innominate Artery to Bilateral Upper Leg Artery with Synthetic Substitute,,,
,Covergirl Queen Collection All Day Flawless 3in1 Foundation,22700-149,Resection of Left Lower Arm and Wrist Tendon,,,
,Clonidine Hydrochloride,0517-0730,Restriction of Splenic Vein with Extraluminal Device,,,
,Intelence,59676-572,Drainage of Right Foot Muscle,,,
,Chorionic Gonadotropin,63323-025,Division of Left Lower Leg Muscle,,,
,acid controller,59779-194,Introduction of Blood Brain Barrier Disruption Substance into Peripheral Artery,,,
,Oral-B NeutraCare Mint,0041-0241,Low Dose Rate (LDR) Brachytherapy of Diaphragm using Other Isotope,26,1748.27,Drama
,acid reducer,41250-047,Division of Head and Neck Tendon,,,
,Petroleum,37808-519,Ultrasonography of Gallbladder and Bile Ducts,35,8787.29,Documentary
,Mirtazapine,0093-7207,Supplement Chest Wall with Autologous Tissue Substitute,,,
,LIP BALM,51414-300,Extirpation of Matter from Right Parotid Gland,,,
,Sodium Bicarbonate,52584-916,Beam Radiation of Stomach using Photons 1 - 10 MeV,82,8675.74,Drama
,potassium chloride,0615-7694,Destruction of Left Wrist Joint,,,
,Venlafaxine Hydrochloride,55700-002,Supplement Left Lower Arm and Wrist Muscle with Nonautologous Tissue Substitute,,,
,Ludent,44946-1009,Restriction of Esophageal Vein with Extraluminal Device,,,
,Bacti-Free tm,59854-300,Change Drainage Device in Female Perineum,,,
,Losartan Potassium,52125-428,Removal of Monitoring Device from Ureter,,,
,VFEND,0049-3180,Excision of Right Finger Phalanx,,,
,AMOREPACIFIC,43419-513,Excision of Left Upper Arm Skin,,,
,Aqua Rush Serum,59535-7201,Bypass Right External Iliac Vein to Lower Vein with Autologous Tissue Substitute,,,
,GUNA-IL 4,17089-382,Replacement of Right Abdomen Tendon with Nonautologous Tissue Substitute,,,
,Diltiazem Hydrochloride,49349-815,Dilation of Right Popliteal Artery,,,
,Protonix,55154-4226,Bypass Coronary Artery,,,
,ULTRA CORRECTION LIFT,68745-1134,Extirpation of Matter from Larynx,,,
,Ibuprofen,41163-392,Plain Radiography of Bilateral Submandibular Glands using Other Contrast,55,7561.12,Comedy|Thriller
,IBANDRONATE SODIUM,47781-103,Bypass Right Pulmonary Artery from Innominate Artery with Autologous Venous Tissue,,,
,Extra Strength Pain Reliever PM,70253-556,Insertion of Other Device into Left Lower Arm,,,
,Aquavit Etheric Energizer,48951-1066,Revision of Drainage Device in Bone Marrow,,,
,Carbidopa and Levodopa,55154-0697,Repair Left Axillary Lymphatic,,,
,CVS Phramacy Antibacterial,59779-232,Bypass Lower Esophagus to Duodenum with Synthetic Substitute,,,
,Neuraceq,54828-001,Occlusion of Urethra with Intraluminal Device,,,
,Disney PRINCESS Antibacterial Hand Wipes,57469-057,Repair Left Hypogastric Vein,,,
,Next Choice,52544-275,Extirpation of Matter from Left Hand Artery,,,
,Terbutaline Sulfate,68084-257,Extirpation of Matter from Coronary Artery,,,
,SOLIE TONER,51346-087,Bypass Thoracic Aorta,,,
,EQUATE,49035-177,Extirpation of Matter from Left Upper Eyelid,,,
,Sunmark calcium antacid,49348-958,Repair Olfactory Nerve,,,
,Vimovo,75987-031,Drainage of Lung Lingula with Drainage Device,,,
,HYDROCODONE BITARTRATE AND ACETAMINOPHEN,63629-4355,Drainage of Small Intestine,,,
,Colgate Optic White Dual Action Crystal Mint,65954-563,Revision of Infusion Device in Right Metatarsal-Phalangeal Joint,,,
,Jantoven,0832-1213,Change Brace on Left Lower Arm,95,92.7,Children|Comedy|Drama
,Nite-TimeCOLD/FLU CHERRY,57243-502,Bypass Ileum to Descending Colon with Nonautologous Tissue Substitute,,,
,Burr Oak,36987-2831,Revision of Spacer in Left Toe Phalangeal Joint,,,
,FLORIA WHITENING EMULSION,59078-008,Gastrointestinal System,,,
,BOTANICAL VANILLA PACT,51346-012,Introduction of Analgesics,,,
,American Elm,49288-0191,Beam Radiation of Rectum using Photons 1 - 10 MeV,7,9069.18,Documentary
,Gabapentin,49349-967,Insertion of Intraluminal Device into Stomach,,,
,Anticavity,49035-163,Occlusion of Right Large Intestine,,,
,SHISEIDO SHEER AND PERFECT FOUNDATION,58411-117,Destruction of Left Ankle Joint,,,
,Metoclopramide,0603-4615,Extirpation of Matter from Left Hand Artery,,,
,RUE21 Posh Antibacterial Hand Sanitizer,50563-144,Extirpation of Matter from Right Hepatic Duct,,,
,Lotensin,30698-449,Removal of Autologous Tissue Substitute from Right Shoulder Joint,,,
,Avitears,49869-002,Removal of Extraluminal Device from Bladder,,,
,BROMUS INERMIS POLLEN,0268-1089,Transfer Olfactory Nerve to Trigeminal Nerve,,,
,SCROPHULOUS HP,43406-0043,Bypass Coronary Artery,,,
,Sleep Aid,30142-441,Introduction of Radioactive Substance into Peripheral Artery,,,
,flormar REBORN BB SUNSCREEN BROAD SPECTRUM SPF 30 CP16 Beige,61722-165,Dilation of Coronary Artery,,,
,Bio-Z-Cough,45737-251,Beam Radiation of Bile Ducts using Neutrons,29,9061.3,Horror
,Lidocaine Hydrochloride,67457-506,Revision of Drainage Device in Left Ankle Joint,,,
,Zepaseptic,66949-928,Reposition Left Parietal Bone,,,
,Allerstat,44911-0111,Reattachment of Left Index Finger,,,
,Adderall,0555-0768,Fluoroscopy of Left Jugular Veins using Other Contrast,,,
,Low Dose Chewable Aspirin,70253-218,Supplement Right Temporal Artery with Nonautologous Tissue Substitute,,,
,Lamotrigine,51079-865,Dilation of Left Face Vein with Intraluminal Device,,,
,Venlafaxine Hydrochloride,65862-697,Insertion of Intraluminal Device into Right Common Carotid Artery,,,
,take cover anti-aging foundation,51389-116,Revision of Nonautologous Tissue Substitute in Left Sternoclavicular Joint,,,
,STOOL SOFTENER,49348-714,Reposition Right Patella with Internal Fixation Device,,,
,DOCTOR HOYS Arnica Boost,10842-200,Dilation of Left Renal Artery,,,
,Isopropyl alcohol,53441-275,Dilation of Right Subclavian Artery,,,
,Oregon Ash,36987-2487,Resection of Hymen,,,
,DICYCLOMINE HYDROCHLORIDE,49349-082,Removal of Intraluminal Device from Lower Artery,,,
,MILK OF MAGNESIA CHERRY,63868-310,Extirpation of Matter from Left Lower Arm and Wrist Muscle,,,
,Jafra,68828-108,Supplement Right Shoulder Bursa and Ligament with Autologous Tissue Substitute,,,
,Citalopram,42254-066,Insertion of Monitoring Device into Urethra,,,
,phentermine hydrochloride,0185-0644,Revision of Monitoring Device in Heart,,,
,Phenobarbital,0143-1445,Revision of Drainage Device in Vas Deferens,,,
,Acetylcysteine,55154-5731,Repair Upper Back,,,
,Glucotrol,55289-125,Excision of Left Temporomandibular Joint,,,
,Doxazosin,60505-0094,Revision of Drainage Device in Right Ear,,,
,FIBRICOR,13310-102,Replacement of Ampulla of Vater with Synthetic Substitute,,,
,Warfarin Sodium,16590-340,Drainage of Right Renal Vein with Drainage Device,,,
,Prostigmin,0187-3100,Destruction of Left Upper Extremity Lymphatic,,,
,Sodium Chloride,63323-186,Bypass Abdominal Aorta to Right External Iliac Artery with Autologous Venous Tissue,,,
,Nuvel Hand Sanitizer,49897-066,Restriction of Right Hepatic Duct with Intraluminal Device,,,
,Total Uranium,61657-0965,Revision of Synthetic Substitute in Upper Intestinal Tract,,,
,ANTIBACTERIAL HSOAP,59779-720,Removal of Radioactive Element from Vagina and Cul-de-sac,,,
,REFRESH PLUS,0023-0403,Removal of Synthetic Substitute from Coccygeal Joint,,,
,Carvedilol,65841-619,Division of Left Hand Tendon,,,
,AMARANTHUS TUBERCULATUS POLLEN,0268-6794,Transfusion of Embryonic Stem Cells into Central Vein,,,
,Advanced Lightning,24623-042,Dilation of Left External Carotid Artery with Four or More Intraluminal Devices,,,
,Sweet Gum,36987-3037,Removal of Synthetic Substitute from Lumbar Vertebral Disc,,,
,Sheep Sorrel,36987-3422,Extirpation of Matter from Left Internal Carotid Artery,,,
,Irinotecan Hydrochloride,61703-349,Replacement of Right Tympanic Membrane with Synthetic Substitute,,,
,REPREXAIN,23710-900,Drainage of Left Shoulder Muscle,,,
,Acetic Acid,0603-7038,Excision of Uterine Supporting Structure,,,
,Losartan potassium and Hydrochlorothiazide,33342-051,Extirpation of Matter from Oral Cavity and Throat,,,
,homeopathic HCG,57520-0161,Transfer Left Lower Leg Subcutaneous Tissue and Fascia with Skin,,,
,Treatment Set TS347628,49288-0884,Extirpation of Matter from Right Axillary Vein,,,
,Fluconazole,55289-824,Extirpation of Matter from Right Ankle Joint,,,
,ALNUS INCANA SSP RUGOSA POLLEN,0268-6601,Restriction of Right Axillary Artery,,,
,Levocarnitine,0517-1045,Repair Small Intestine,,,
,Smart Sense Allergy and Congestion Relief-D,49738-375,Low Dose Rate (LDR) Brachytherapy of Pleura using Other Isotope,34,7200.11,Adventure|Comedy|Sci-Fi|Thriller|War
,Alprazolam,68084-672,Drainage of Right Upper Extremity,,,
,Hyperactivity - Mental Focus,55714-2316,Supplement Cecum with Nonautologous Tissue Substitute,,,
,Tinactin,11523-0777,Upper Arteries,,,
,Kids Cough and Fever Relief,59262-259,Excision of Left External Carotid Artery,,,
,Laxacin,50488-0901,Supplement Left Hand with Autologous Tissue Substitute,,,
,Bortons Ethyl Rubbing Alcohol,50790-100,Control Bleeding in Cranial Cavity,,,
,Dexamethsone,51655-012,Excision of Spleen,,,
,OC Eight,42485-003,Destruction of Common Bile Duct,,,
,Regular Strength Pain Reliever,0363-0104,Fusion of Left Tarsal Joint with Synthetic Substitute,,,
,Cilostazol,60429-363,Extirpation of Matter from Thoracic Sympathetic Nerve,,,
,CitraNatal Rx,0178-0859,Planar Nuclear Medicine Imaging of Chest and Neck using Gallium 67 (Ga-67),9,9310.16,Action|Comedy|Crime
,AVANDAMET,0173-0840,Plain Radiography of Bilateral Abdominal/Retroperitoneal Lymphatics using Low Osmolar Contrast,84,7171.2,Action|Horror|Sci-Fi|Thriller
,Sunmark Hydrocortisone with Aloe,49348-521,Replacement of Right Shoulder Joint with Synthetic Substitute,,,
,Flagyl,0025-1942,Supplement Left Renal Vein with Synthetic Substitute,,,
,BAMBOO SALT Eunganggo Jook Yeom Toothpaste,53208-459,Supplement Left Breast with Autologous Tissue Substitute,,,
,equaline antacid,41163-179,Replacement of Right Temporal Artery with Nonautologous Tissue Substitute,,,
,pravastatin sodium,61786-046,Fusion of Lumbosacral Joint with Nonautologous Tissue Substitute,,,
,Best Health Sore Throat Relief Cherry Flavor,52642-010,Occlusion of Right Internal Jugular Vein,,,
,Infection Complex,52731-7032,Drainage of Right Ankle Region with Drainage Device,,,
,MELOXICAM,16590-434,Reattachment of Head and Neck Bursa and Ligament,,,
,Epinephrine,43742-0186,Excision of Thoracic Nerve,,,
,H Acne Formula,57520-1111,Release Pharynx,,,
,Acebutolol Hydrochloride,42291-102,Release Left Knee Joint,,,
,Intense Care Snail Skin,59078-010,Bypass Sigmoid Colon to Rectum with Nonautologous Tissue Substitute,,,
,Antibacterial Foaming Hand Cleanser,50988-175,Reposition Right Radius with External Fixation Device,,,
,HOUSE DUST,0268-0010,Bypass Sigmoid Colon to Cutaneous with Synthetic Substitute,,,
,Aspirin,68151-2904,Excision of Right Pleura,,,
,Meperidine Hydrochloride,0603-4416,Occlusion of Cecum with Extraluminal Device,,,
,Neosporin Plus Pain Relief Neo To Go First Aid Antiseptic Pain Relieving,58232-0711,Bypass Thoracic Aorta,,,
,CEFACLOR,43063-194,Repair Endocrine System in Products of Conception,,,
,Guanfacine,0591-0453,Insertion of Other Device into Right Lower Leg,,,
,Diamox Sequels,52125-070,Supplement Left Ankle Bursa and Ligament with Autologous Tissue Substitute,,,
,Aspirin,62011-0003,Dilation of Right Femoral Artery,,,
,CASUARINA EQUISETIFOLIA POLLEN,0268-1378,Removal of External Fixation Device from Right Metacarpocarpal Joint,,,
,SODIUM SULFACETAMIDE,44523-613,Excision of Left Trunk Muscle,,,
,Kleenex Antiseptic Skin Cleanser,55118-571,Extirpation of Matter from Right Trunk Bursa and Ligament,,,
,Paroxetine Hydrochloride,49349-255,Transfer Right Lower Arm and Wrist Muscle with Skin and Subcutaneous Tissue,,,
,DG Health nasal decongestant pe,55910-094,Ultrasonography of Left Jugular Veins,60,4772.59,Drama
,Acetaminophen,55315-333,Drainage of Left Tympanic Membrane,,,
,METOPROLOL SUCCINATE,60760-977,Extirpation of Matter from Thoracic Aorta,,,
,Ringers,0338-0105,Occlusion of Mesenteric Lymphatic,,,
,Super Hero,49291-0003,Revision of Infusion Device in Left Knee Joint,,,
,Anti-Bacterial Hand Sanitizer,62670-4780,Immobilization of Right Lower Arm using Cast,59,8211.24,Drama|Romance
,Acne,57520-0710,Insertion of Internal Fixation Device into Left Tibia,,,
,ShopRite Ibuprophen,41190-647,Removal of Autologous Tissue Substitute from Right Lower Extremity,,,
,MECLIZINE HYDROCHLORIDE,54868-0089,Extirpation of Matter from Right Greater Saphenous Vein,,,
,Losartan Potassium,58118-7366,Destruction of Right Sacroiliac Joint,,,
,Cockroach American,36987-1801,Excision of Dura Mater,,,
,CHANTECAILLE PROTECTION NATURELLE BRONZE SPF 46,42893-030,Dilation of Right Thyroid Artery,,,
,Acetaminophen,,,,,
,Hemorrhoid Control,51393-6446,Introduction of Radioactive Substance into Male Reproductive,,,
,Levofloxacin,43063-457,Removal of Radioactive Element from Neck,,,
,Warfarin Sodium,51672-4034,Replacement of Left Choroid with Synthetic Substitute,,,
,Olanzapine,55154-5877,Reposition Right Tympanic Membrane,,,
,MUSCLE SORENESS HEADACHE,64117-277,Supplement of Left Upper Arm Subcutaneous Tissue and Fascia with Synthetic Substitute,,,
,Topiramate,59115-127,Plain Radiography of Left Clavicle,67,5206.83,Comedy|Romance
,Queen Perfume Hair Conditioner,60344-6001,Alteration of Left Wrist Region,,,
,telmisartan and hydrochlorothiazide,0054-0547,Fluoroscopy of Left Subclavian Vein,5,6349.19,Comedy|Romance
,cyclobenzaprine hydrochloride,53808-1039,Revision of Autologous Tissue Substitute in Right Rib,,,
,Lexapro,0456-2010,Plain Radiography of Kidneys,,,
,Ampicillin,0781-3408,Reposition Lower Tooth with External Fixation Device,,,
,PENICILLIN G POTASSIUM,0338-1021,Dilation of Abdominal Aorta,,,
,Ortho Cept,50458-196,Occlusion of Left Anterior Tibial Artery,,,
,Amlodipine Besylate,0378-5208,Revision of Drainage Device in Right Toe Phalangeal Joint,,,
,Pamidronate Disodium,63323-734,Insertion of Monoplanar External Fixation Device into Right Tibia,,,
,H-Jock Itch Formula,61077-088,Dilation of Left Axillary Vein with Intraluminal Device,,,
,Valacyclovir Hydrochloride,51655-955,Bypass Jejunum to Descending Colon with Nonautologous Tissue Substitute,,,
,SHISEIDO THE SKINCARE TINTED MOISTURE PROTECTION,52686-260,Restriction of Lower Esophagus with Extraluminal Device,,,
,SPARTAN LITE N FOAMY E2 HAND WASH AND SANITIZER,64009-511,Voice Prosthetic Device Fitting using Speech Prosthesis,42,3312.38,Drama
,Carvedilol,76237-133,Restriction of Right Middle Lobe Bronchus with Intraluminal Device,,,
,Zhuang Gu She Xiang Zhi Tong Gao,42217-203,Reposition Right Upper Leg Tendon,,,
,Diltiazem Hydrochloride,55289-853,Reposition Right Ankle Joint,,,
,Ceramide Lift and Firm Makeup Broad Spectrum Sunscreen SPF 15 Spice,67938-0951,Integumentary Integrity Assessment of Musculoskeletal System - Upper Back / Upper Extremity,84,1236.29,Drama
,Kids Allergy Eye Relief,59262-361,Supplement Left Basilic Vein with Nonautologous Tissue Substitute,,,
,LBEL,13537-496,Bypass Right Foot Vein to Lower Vein with Autologous Venous Tissue,,,
,Oxygen,62914-1000,Drainage of Right Knee Bursa and Ligament,,,
,bioCorneum plus SPF 30 advanced SCAR SUPERVISION,43474-001,Ultrasonography of Right Heart,,,
,Lamotrigine,51672-4139,Repair Right Shoulder Bursa and Ligament,,,
,CLONIDINE HYDROCHLORIDE,51138-019,Bypass Coronary Artery,,,
,Pepto-Bismol,37000-018,Bypass Right Atrium to Pulmonary Trunk,,,
,Red Mulberry,36987-2808,Division of Left Radius,,,
,AHC Hydration Special Gen Serum,58930-030,Computerized Tomography (CT Scan) of Right Humerus using Other Contrast,21,2836.49,Horror|Thriller
,good neighbor pharmacy cough and sore throat,24385-135,Resection of Right Carotid Body,,,
,SHISEIDO WHITE LUCENT BRIGHTENING SPOT-CONTROL FOUNDATION (REFILL),52686-256,Removal of Synthetic Substitute from Left Metatarsal-Tarsal Joint,,,
,Didanosine,0555-0588,Restriction of Intracranial Artery with Extraluminal Device,,,
,Nicotine Polacrilex,49226-206,Beam Radiation of Stomach using Photons >10 MeV,67,9270.98,Drama|Thriller
,Salt Grass,36987-2397,Magnetic Resonance Imaging (MRI) of Left Eye using Other Contrast,,,
,Fluvoxamine Maleate,0228-2848,Performance of Urinary Filtration,,,
,Hay Fever,59667-0032,Bypass Right Axillary Artery to Lower Arm Vein with Synthetic Substitute,,,
,FENTORA,63459-542,Drainage of Right Femoral Shaft,,,
,LANEIGE Snow BB No.1 Brightening BB,43419-730,Replacement of Bladder Neck with Synthetic Substitute,,,
,Fluconazole,68788-9926,Removal of Monitoring Device from Upper Artery,,,
,No7 Stay Perfect Foundation Compact Sunscreen SPF 15 New Ivory,68472-050,Division of Right Neck Muscle,,,
,Glycopyrrolate,0641-6035,Extraction of Lumbosacral Plexus,,,
,NITROUS OXIDE,42411-041,Extirpation of Matter from Right Hip Bursa and Ligament,,,
,Barriere,65197-426,Extirpation of Matter from Left Palatine Bone,,,
,Tamsulosin Hydrochloride,49349-401,Drainage of Right Upper Extremity Bursa and Ligament with Drainage Device,,,
,SUPER AQUA MAX WHITE C WATERFUL TONER,51346-127,Excision of Coccyx,,,
,Hand Cleanse,58503-009,Release Penis,,,
,Thiothixene,0378-5010,Release Left Hip Bursa and Ligament,,,
,Ampicillin and Sulbactam,0641-6117,Removal of External Fixation Device from Right Metatarsal-Tarsal Joint,,,
,Midazolam HCl,52533-001,Reposition Right Zygomatic Bone,,,
,Clonazepam,0228-3003,Alteration of Right Lower Arm with Autologous Tissue Substitute,,,
,NARS FOUNDATION,13734-116,Change Brace on Right Finger,62,4979.78,Documentary
,999 ITCH RELIEF,12753-930,Inspection of Omentum,,,
,Dog Epithelium,36987-1011,Removal of Traction Apparatus on Right Upper Arm,21,5035.06,Drama|Horror|Mystery|Thriller|War
,Gas Relief,55319-242,Occlusion of Innominate Artery,,,
,Olanzapine,0904-6286,Occlusion of Lower Artery with Extraluminal Device,,,
,Patricia Wexler Universal Anti-Aging Moisturizer with Sunscreen Broad Spectrum SPF 28,62670-8043,Insertion of Intraluminal Device into Right External Jugular Vein,,,
,Nortriptyline Hydrochloride,0093-0813,Reposition Right Maxilla with Internal Fixation Device,,,
,Pepper Tree Pollen,36987-2937,Revision of Nonautologous Tissue Substitute in Left Tympanic Membrane,,,
,ENALAPRIL MALEATE AND HYDROCHLOROTHIAZIDE,54868-5503,Excision of Left Upper Femur,,,
,MooreBrand Ibuprofen,55670-133,Reposition Left Humeral Shaft with Ring External Fixation Device,,,
,thrombin human,63713-461,Revision of Autologous Tissue Substitute in Cranial Nerve,,,
,Nicorette,0135-0466,Bypass Right Internal Jugular Vein to Upper Vein with Autologous Arterial Tissue,,,
,Insomnia Plus,57520-0611,Replacement of Left Atrium with Zooplastic Tissue,,,
,Atenolol,68382-022,Restriction of Inferior Vena Cava with Extraluminal Device,,,
,TAMSULOSIN HYDROCHLORIDE,0904-6156,Revision of Drainage Device in Thoracic Duct,,,
,Ceftriaxone,68330-004,Excision of Left Knee Joint,,,
,Sildenafil,0179-0160,Reposition Right Upper Leg Tendon,,,
,Linkus Lozenges,44237-005,Reposition Right Mandible with Internal Fixation Device,,,
,Clear Complexion Toner,57627-102,Computerized Tomography (CT Scan) of Intracranial Sinuses using Other Contrast,,,
,Levofloxacin,55648-547,Replacement of Neck Skin with Nonautologous Tissue Substitute,,,
,Pantoprazole Sodium,52125-966,Removal of Infusion Device from Right Hip Joint,,,
,C-Plus,54973-7505,Creation of Vagina in Male Perineum with Nonautologous Tissue Substitute,,,
,Strophanthus Aurum Special Order,48951-8250,Drainage of Jejunum,,,
,DR. S. WONGS ACNE TREATMENT SULPHUR,58929-300,Bypass Left Ureter to Left Ureter with Autologous Tissue Substitute,,,
,Cardizem LA,0187-2046,Bypass Right Common Carotid Artery to Right Extracranial Artery,,,
,Gallbladder Liver Meridian Formula,43742-0175,Dilation of Left Brachial Artery,,,
,MVC-Fluoride,44946-1021,Bypass Right Internal Iliac Artery to Foot Artery,,,
,Aricept,54868-4245,Imaging,,,
,citroma,50804-686,Repair Cisterna Chyli,,,
,Precedex,0409-1638,Revision of Autologous Tissue Substitute in Lower Intestinal Tract,,,
,Lidocaine Hydrochloride,55154-2371,Supplement Right Cephalic Vein with Autologous Tissue Substitute,,,
,Australian Gold,13630-0026,Drainage of Left Foot Tendon with Drainage Device,,,
,Trichophyton Mixture,49288-0576,Replacement of Right Lower Leg Subcutaneous Tissue and Fascia with Synthetic Substitute,,,
,Risperidone,63304-951,Drainage of Vagina,,,
,Kadian,54868-4573,Repair Perineum Bursa and Ligament,,,
,Nu Skin Sunright 50 Broad Spectrum SPF 50,62839-1345,Bypass Left Internal Iliac Artery to Right External Iliac Artery with Autologous Venous Tissue,,,
,Maxiphen DM,58605-423,Insertion of Infusion Device into Left Wrist Joint,,,
,Lorazepam,55154-3826,Revision of Infusion Device in Right Ankle Joint,,,
,Nu Skin Nu Colour,62839-1102,Drainage of Right Eustachian Tube with Drainage Device,,,
,TENUE DE PERFECTION TIMEPROOF FOUNDATION WITH SUNSCREEN ULTIMATE LASTING PERFECTION BROAD SPECTRUM SPF 20 12 ROSE CLAIR,49817-0071,Excision of Left Pelvic Bone,,,
,Everyday Facial Moisturizer And Sunscreen SPF 20,76230-727,Removal of Stimulator Lead from Upper Artery,,,
,Ciprofloxacin,52959-739,Resection of Left Lower Lobe Bronchus,,,
,Sulfamethoxazole and Trimethoprim,65862-496,Reattachment of Uvula,,,
,Hand Sanitizer,68957-1092,Bypass Left Axillary Artery to Bilateral Lower Arm Artery with Synthetic Substitute,,,
,Rolaids Regular Strength- Cherry,41167-1006,Removal of Autologous Tissue Substitute from Left Radius,,,
,Cyzone,13537-300,Removal of Autologous Tissue Substitute from Upper Intestinal Tract,,,
,Methocarbamol,55154-1499,Replacement of Left External Ear with Autologous Tissue Substitute,,,
,health mart allergy complete,62011-0054,Contact Radiation of Pelvic Bones,38,7057.76,Comedy|Romance
,Australian Gold,58443-0030,Removal of Synthetic Substitute from Upper Tendon,,,
,CVS Simple Care Protective Rash,59779-142,Bypass Left Ventricle to Abdominal Artery,,,
,Topcare Antacid,36800-851,Change Other Device in Diaphragm,,,
,Naproxen,16590-163,Imaging,,,
,Marcaine,52125-249,Destruction of Left Neck Lymphatic,,,
,NAUSEA,64117-299,Supplement Bladder with Autologous Tissue Substitute,,,
,Theochem Foaming Hand Sanitizer,68878-118,Beam Radiation of Thymus using Electrons,92,6334.45,Horror|Thriller
,DG BODY,55910-724,Bypass Left External Iliac Artery to Right Femoral Artery,,,
,Atopalm Acne Controlling,51141-7000,Replacement of Right Sacroiliac Joint with Autologous Tissue Substitute,,,
,Allergy Relief,55301-190,Change Brace on Left Upper Arm,56,4046.39,Western
,24-Hour All Day Allergy,62011-0052,Drainage of Lingula Bronchus with Drainage Device,,,
,Childrens Ibuprofen,55319-125,Extirpation of Matter from Left Nipple,,,
,Adult Long Lasting-Cough Relief,68016-026,Dilation of Right Hand Artery with Drug-eluting Intraluminal Device,,,
,Promethazine with Codeine,49999-152,Supplement Soft Palate with Nonautologous Tissue Substitute,,,
,Warfarin Sodium,65841-059,Removal of Synthetic Substitute from Right Tarsal Joint,,,
,Careone Extra Strength Cold and Hot,41520-871,Detachment at Left 2nd Toe,,,
,Risperidone,62756-633,Extirpation of Matter from Paraganglion Extremity,,,
,FENTANYL CITRATE,52533-024,Destruction of Right Lower Lung Lobe,,,
,BECONASE,54569-1729,Destruction of Cervix,,,
,ISOSORBIDE DINITRATE,57664-600,Resection of Right Hand Muscle,,,
,GEMCITABINE,47335-153,Excision of Ileum,,,
,dg health all day allergy,55910-458,Supplement Bilateral Seminal Vesicles with Nonautologous Tissue Substitute,,,
,Divalproex Sodium,51079-474,High Dose Rate (HDR) Brachytherapy of Ileum using Californium 252 (Cf-252),54,6469.45,Documentary
,Topiramate,59115-124,Traction of Left Toe using Traction Apparatus,9,7337.28,Drama
,Duet DHA,76331-810,Bypass Thoracic Aorta,,,
,Gabapentin,49349-924,Supplement Left Breast with Nonautologous Tissue Substitute,,,
,Hydrocortisone Maximum Strength Plus 12 Moisturizers,30142-341,Replacement of Left Thyroid Artery with Autologous Tissue Substitute,,,
,Ticlopidine hydrochloride,60505-0027,Occlusion of Left Radial Artery,,,
,Metformin Hydrochloride,51655-561,Supplement Lower Lip with Autologous Tissue Substitute,,,
,ROBITUSSIN NIGHT TIME COUGH AND COLD,0031-8698,Fusion of Left Finger Phalangeal Joint with Autologous Tissue Substitute,,,
,Olive Pollen,36987-2903,Supplement Right Fibula with Synthetic Substitute,,,
,Furosemide,52584-052,Bypass Right Subclavian Artery to Right Pulmonary Artery with Nonautologous Tissue Substitute,,,
,BRIGHTER BY NATURE SPF 30 CORRECTING MAKEUP BROAD SPECTRUM,59427-009,Transfusion of Nonautologous Hematopoietic Stem Cells into Peripheral Artery,,,
,Sulfamylon,51079-623,Removal of Radioactive Element from Vagina and Cul-de-sac,,,
,Flawless Effect Liquid Foundation SPF 15,57627-113,Revision of Feeding Device in Lower Intestinal Tract,,,
,NightTime Cold and Flu,59995-001,Bypass Right External Iliac Vein to Lower Vein with Autologous Arterial Tissue,,,
,Glipizide,61786-043,Excision of Left Adrenal Gland,,,
,Inderal,24090-473,Supplement Hyoid Bone with Nonautologous Tissue Substitute,,,
,Little Fevers Childrens Fever Pain Reliever,63029-603,Restriction of Right Axillary Lymphatic with Intraluminal Device,,,
,Pollens - Weeds,,,,,
,Tolnaftate,11673-586,Supplement Right Humeral Head with Autologous Tissue Substitute,,,
,PREDNISONE,16590-624,Extirpation of Matter from Oculomotor Nerve,,,
,Psoriasin,52389-627,Removal of Cast on Left Lower Leg,52,2782.68,Crime|Drama
,Bicalutamide,60429-226,Plain Radiography of Bilateral Vertebral Arteries using Other Contrast,22,6994.42,Documentary
,Fludarabine,63323-196,Beam Radiation of Pineal Body using Photons >10 MeV,84,9329.79,
,Indomethacin,52125-716,Excision of Right Vocal Cord,,,
,Rocky Mountain Juniper,36987-2704,Supplement Right Tarsal Joint with Nonautologous Tissue Substitute,,,
,ALOEGUARD ANTIMICROBIAL,63843-509,Revision of Internal Fixation Device in Lumbar Vertebra,,,
,Homeopathic Hemorrhoid,10578-017,Drainage of Left Upper Eyelid,,,
,acid reducer 150,21130-950,Reposition Left Upper Eyelid,,,
,ARNICAID,54973-0229,Drainage of Right Temporal Artery,,,
,Nasal,0113-2304,Contact Radiation of Rib(s),100,8565.82,Comedy
,Caduet,54868-3287,Release Right Neck Muscle,,,
,Oxcarbazepine,49349-688,Occlusion of Left Axillary Vein with Intraluminal Device,,,
,moisturising sunscreen,42315-672,Restriction of Thorax Lymphatic,,,
,PredniSONE,0615-6516,Reattachment of Lower Tooth,,,
,Naratriptan,0093-8523,Supplement Sternum with Synthetic Substitute,,,
,Ginseng Khan,42707-3001,Revision of External Fixation Device in Left Metacarpocarpal Joint,,,
,ULTRASOL,59886-304,Revision of Monitoring Device in Peripheral Nerve,,,
,triamcinolone acetonide,42254-176,Excision of Left Extraocular Muscle,,,
,Ropinirole,0054-0122,Transfer Scalp Subcutaneous Tissue and Fascia with Skin and Subcutaneous Tissue,,,
,citalopram hydrobromide,53808-1038,Restriction of Mesenteric Lymphatic with Extraluminal Device,,,
,Calcarea Carbonic 30c,76472-1136,Restriction of Right Axillary Artery with Extraluminal Device,,,
,LACURA,64024-969,Excision of Right Upper Leg Muscle,,,
,Glytone acne treatment facial cleanser,64760-219,Dilation of Left Foot Artery with Two Drug-eluting Intraluminal Devices,,,
,Diamond White Brightening Shield Treatment Cream,63730-292,Bypass Left Common Iliac Vein to Lower Vein with Nonautologous Tissue Substitute,,,
,Sulfamethoxazole and Trimethoprim,0093-0089,Revision of Spacer in Occipital-cervical Joint,,,
,Lemon Quince Allergy Relief,48951-6024,Reposition Cecum,,,
,RANITIDINE,68084-577,Systemic Nuclear Medicine Therapy of Whole Body using Phosphorus 32 (P-32),52,6504.21,Comedy|Drama|Romance
,Lisinopril,0603-4214,Computerized Tomography (CT Scan) of Bilateral Eyes,98,2208.34,(no genres listed)
,MS Contin,59011-260,Insertion of Cardiac Lead into Right Atrium,,,
,Freshorize,52305-200,Dilation of Anus with Intraluminal Device,,,
,INSOMNIA RELIEF,60512-0011,Removal of Monitoring Device from Bladder,,,
,JAKAFI,50881-025,Fluoroscopy of Epidural Veins using Low Osmolar Contrast,,,
,ClindaMax Lotion,0462-0391,Lymphatic and Hemic Systems,,,
,Cyclo/Mag 10mg/200mg,64038-630,Insertion of External Fixation Device into Right Upper Femur,,,
,Atenolol,62584-467,Removal of Nonautologous Tissue Substitute from Facial Bone,,,
,Natural FX,68327-002,Insertion of Hybrid External Fixation Device into Left Ulna,,,
,Exelon,54868-5240,Destruction of Right Superior Parathyroid Gland,,,
,Walgreens Anti-Sagging and Ultra Hydrating Day Broad Spectrum SPF15 Sunscreen,0363-9688,Release Thorax Lymphatic,,,
,Podophyllum Pelt Kit Refill,68428-156,Occlusion of Left Internal Mammary Artery with Extraluminal Device,,,
,Teething - Colic,55714-1709,Repair Left Upper Leg Tendon,,,
,Folbic,0615-7575,Extirpation of Matter from Left External Auditory Canal,,,
,Chewable Adult Low Dose Aspirin,68163-081,Laser Interstitial Thermal Therapy of Anus,99,7290.1,Comedy|Sci-Fi
,Oxy Maximum Action Spot Treatment,10742-8301,Extirpation of Matter from Left Upper Lobe Bronchus,,,
,Anti-Bacterial Hand,62670-4833,Insertion of Intraluminal Device into Right Common Iliac Vein,,,
,Guaifenesin and Codeine Phosphate,68258-8904,Revision of Nonautologous Tissue Substitute in Upper Bursa and Ligament,,,
,Assured Gas Relief Extra Strength,33992-0113,Supplement Right Elbow Region with Nonautologous Tissue Substitute,,,
,Terrestristat,44911-0087,Destruction of Left Thumb Phalanx,,,
,Acyclovir,63629-1677,Supplement Right Radial Artery with Autologous Tissue Substitute,,,
,MEDI-FIRST PLUS Ibuprofen,47682-929,Transfer Left Abdomen Muscle with Skin and Subcutaneous Tissue,,,
,Rite Aid Instant Hand Sanitizer With Moisturizers,11822-1000,Plain Radiography of Right Subclavian Vein using High Osmolar Contrast,43,5893.57,Animation|Children|Musical
,Atenolol,42254-107,Transfer Facial Nerve to Glossopharyngeal Nerve,,,
,Air,50063-003,Restriction of Middle Esophagus with Intraluminal Device,,,
,Necon 0.5/35,42254-287,Insertion of Infusion Device into Left Vertebral Vein,,,
,Eggs and Meats Intolerances,57955-0723,Excision of Right Hand Subcutaneous Tissue and Fascia,,,
,Carvedilol,55154-1389,Detachment at Right Hindquarter,,,
,Night Time Cherry,55910-113,Low Dose Rate (LDR) Brachytherapy of Larynx using Californium 252 (Cf-252),10,4417.97,Drama
,procure,55681-211,Destruction of Cervical Spinal Cord,,,
,Cleocin Phosphate,0009-0775,Fusion of 2 or more Cervical Vertebral Joints with Synthetic Substitute,,,
,AVAPRO,63629-3373,Dilation of Superior Mesenteric Artery with Four or More Drug-eluting Intraluminal Devices,,,
,MAJOR ULTRA STRENGTH GAS RELIEF,0904-5572,Reattachment of Left Hip Tendon,,,
,COBROXIN,47219-104,Occlusion of Esophagus with Extraluminal Device,,,
,Cold-EEZE,61941-0227,Beam Radiation of Lung using Electrons,35,8724.88,Comedy|Romance
,Sleep Aid,42507-441,Computerized Tomography (CT Scan) of Bilateral Orbits using High Osmolar Contrast,62,2783,Drama|Romance
,loperamide hydrochloride,41250-645,Bypass Right Pulmonary Artery from Subclavian with Nonautologous Tissue Substitute,,,
,good sense lice treatment,0113-0955,Removal of Internal Fixation Device from Left Sternoclavicular Joint,,,
,CAPTOPRIL,33261-182,Magnetic Resonance Imaging (MRI) of Right Ovary using Other Contrast,32,6238.7,Adventure|War
,SPAI-SONS,66854-018,Planar Nuclear Medicine Imaging of Bone Marrow using Indium 111 (In-111),31,5414.36,Documentary
,Good Neighbor Pharmacy Ibuprofen Cold and Sinus,24385-465,Occlusion of Left Radial Artery with Extraluminal Device,,,
,topiramate,65841-647,Removal of Synthetic Substitute from Right Tibia,,,
,Hair Regrowth Treatment for Men,55301-094,Reposition Left Foot Muscle,,,
,Ibuprofen,55154-0741,Supplement Anus with Nonautologous Tissue Substitute,,,
,Topiramate,65862-174,Computerized Tomography (CT Scan) of Head using Other Contrast,,,
,Zolpidem Tartrate,55154-5080,Replacement of Pelvic Region Subcutaneous Tissue and Fascia with Synthetic Substitute,,,
,rexall anti diarrheal,55910-700,Drainage of Right Thorax Tendon,,,
,VeraSeptine Multipurpose Moisture Barrier,61598-200,Bypass Right External Iliac Artery to Right Femoral Artery,,,
,Zolpidem Tartrate,68084-200,Plain Radiography of Renal Artery Transplant using High Osmolar Contrast,53,6612.97,Horror
,Allopurinol,55154-0671,Insertion of Infusion Device into Portal Vein,,,
,Topical,50436-9990,Dilation of Left Ulnar Artery with Drug-eluting Intraluminal Device,,,
,Prax Wipe,0496-0749,Destruction of Bilateral Lungs,,,
,antacid,37012-357,Transfusion of Nonautologous Globulin into Peripheral Vein,,,
,Old Spice,37000-385,Excision of Left Mastoid Sinus,,,
,LivSport,42903-004,Beam Radiation of Abdomen Lymphatics using Electrons,,,
,Pollens - Grasses,,,,,
,Rimmel London,59351-0302,Division of Perineum Subcutaneous Tissue and Fascia,,,
,Oxygen,10690-001,Repair Right Pulmonary Vein,,,
,Zolpidem Tartrate,63739-526,Revision of Interbody Fusion Device in Occipital-cervical Joint,,,
,Pioglitazone and Metformin Hydrocholride,42291-693,Reposition Left Shoulder Joint,,,
,Doans,55741-224,Dilation of Left Femoral Artery,,,
,Motion Medicine,50963-809,Dilation of Coronary Artery,,,
,Antimicrobial Hand Sanitizer,51811-363,Destruction of Inferior Vena Cava,,,
,Lidocaine Hydrochloride and Epinephrine,52125-612,Repair Left Vocal Cord,,,
,Ciprofloxacin,67296-0579,Bypass Cerebral Ventricle to Intestine with Synthetic Substitute,,,
,COREG,68151-5048,Release Stomach,,,
,Cefdinir,68180-723,Reattachment of Left Foot Bursa and Ligament,,,
,Namenda,63629-5291,Excision of Right Shoulder Tendon,,,
,Salmon,36987-1246,Replacement of Aortic Valve using Zooplastic Tissue,,,
,SkinTx Acne Treatment,67226-2050,Excision of Urethra,,,
,Ibuprofen,30142-121,Excision of Anus,,,
,Naproxen,24236-995,Introduction of Oxazolidinones into Mouth and Pharynx,,,
,Metolazone,63739-404,Dilation of Left Thyroid Artery with Three Intraluminal Devices,,,
,Hepar Sulphuris Calcareum 30c,76472-1144,Extirpation of Matter from Left Wrist Joint,,,
,Bupropion Hydrochloride,67046-044,Drainage of Right Axillary Vein with Drainage Device,,,
,equaline miconazole 1,41163-916,Excision of Left Internal Mammary Artery,,,
,Suphedrine PE Sinus and Allergy,55301-462,Dilation of Intracranial Artery,,,
,Reglan,62559-166,Replacement of Face Artery with Autologous Tissue Substitute,,,
,HydrALAZINE Hydrochloride,59556-008,Destruction of Anal Sphincter,,,
,BUTALBITAL,,,,,
,Melaleuca Pollen,49643-380,Mental Health,,,
,LEVOXYL,54868-4536,Release Left Ethmoid Sinus,,,
,Zanosar,0703-4636,Supplement Left Tympanic Membrane with Autologous Tissue Substitute,,,
,ELIGARD,0024-0610,Supplement Left Lower Arm and Wrist Tendon with Nonautologous Tissue Substitute,,,
,MERCURIUS VIVUS,54973-0620,Division of Right Upper Femur,,,
,Influenza Remedy,57520-0920,Dilation of Left Brachial Artery with Four or More Intraluminal Devices,,,
,Pineapple Orange Antibacterial Foaming Hand Wash,43269-670,Extirpation of Matter from Buccal Mucosa,,,
,CARBO VEGETABILIS,60512-1011,Supplement Left Elbow Joint with Autologous Tissue Substitute,,,
,Halls,12546-223,Bypass Transverse Colon to Cutaneous with Autologous Tissue Substitute,,,
,LBEL EFFET PARFAIT Polvos Compactos de Larga Duracion para rostro FPS 15 /Long Lasting Compact SPF 15,13537-408,Restriction of Right Internal Carotid Artery with Intraluminal Device,,,
,Promethazine Hydrochloride,54569-1754,Supplement Right Buttock with Synthetic Substitute,,,
,IBUPROFEN,12634-171,Occlusion of Left Face Vein with Extraluminal Device,,,
,Aciphex,54868-4185,Drainage of Left Thorax Tendon,,,
,DG Health cold multi symptom,55910-014,Release Left Shoulder Muscle,,,
,Famotidine,49349-546,Fusion of Left Metacarpophalangeal Joint,,,
,TUMS,0135-0140,Fluoroscopy of Right Humerus,22,6044.61,Comedy|Musical
,Alprazolam,33261-500,Excision of Cervix,,,
,Furosemide,67253-541,Insertion of Infusion Device into Right Renal Vein,,,
,Womens Mitchum Clinical Antiperspirant Deodorant,10967-595,Repair Hymen,,,
,Air,12213-700,Insertion of Internal Fixation Device into Left Rib,,,
,PROPOXYPHENE NAPSYLATE AND ACETAMINOPHEN,68084-393,Introduction of Oxazolidinones into Male Reproductive,,,
,Anti-Aging Hydra Tint SPF 20 Shade 40,68026-544,Synthetic Sentence Identification Assessment using Cochlear Implant Equipment,30,5976.15,Drama
,Lung Detox,27281-011,Dilation of Left Hepatic Duct,,,
,Eszopiclone,42291-271,Insertion of Internal Fixation Device into Lumbosacral Joint,,,
,Demeclocycline Hydrochloride,68151-0155,Drainage of Right Hand,,,
,Topiramate,0832-1073,Replacement of Left Zygomatic Bone with Autologous Tissue Substitute,,,
,Hydrocortisone,63941-312,Dilation of Right Femoral Artery,,,
,PURELL Advanced Instant Hand Sanitizer,21749-807,Fusion of Right Wrist Joint with External Fixation Device,,,
,Lamivudine and Zidovudine,43063-346,Coordination/Dexterity Assessment of Neurological System - Upper Back / Upper Extremity,78,874.89,Adventure|Fantasy
,Arnica,57520-0440,Drainage of Right Vocal Cord,,,
,Lotensin HCT,30698-453,Occlusion of Ductus Arteriosus with Intraluminal Device,,,
,Pantoprazole Sodium Delayed Release,51655-500,Beam Radiation of Chest Skin using Electrons,57,7666.95,Drama|Romance
,IZUNRINSE,49589-103,Reattachment of Accessory Pancreatic Duct,,,
,Lamotrigine,51079-865,Dilation of Face Artery,,,
,Treatment Set TS350905,49288-0944,Change Bandage on Right Upper Arm,2,141.96,Comedy|Drama|Romance
,3 Heart,50181-0020,Insertion of Internal Fixation Device into Right Mandible,,,
,Propranolol Hydrochloride,63629-1842,Removal of Nonautologous Tissue Substitute from Left Metatarsal,,,
,Synthroid,54569-0908,Hyperthermia of Pelvic Bones,15,7500.7,Drama
,Zinc Sulfate,0517-8105,Bypass Right Common Iliac Vein to Lower Vein with Autologous Arterial Tissue,,,
,Anti Dandruff,61995-1106,Supplement Left Face Vein with Nonautologous Tissue Substitute,,,
,RIVASTIGMINE TARTRATE,33342-091,Grooming/Personal Hygiene Treatment using Assistive,,,
,Sei Bella Age-Defying Liquid Foundation,54473-239,Measurement of Biliary Pressure,,,
,Doxazosin,49999-206,Inspection of Left Lens,,,
,Lubricant / Redness Reliever,11822-3025,Replacement of Right Lacrimal Bone with Synthetic Substitute,,,
,Ropinirole,60505-2866,Introduction of Electrolytic and Water Balance Substance into Central Vein,,,
,Doxycycline Hyclate,0591-5440,Revision of Autologous Tissue Substitute in Bladder,,,
,Life Extension Sun Protection SPF 30,76021-100,Reposition Left Upper Femur with Monoplanar External Fixation Device,,,
,Methocarbamol,54569-5966,Bypass Lower Esophagus to Stomach,,,
,Diltiazem Hydrochloride,50436-6126,Drainage of Left Parotid Duct,,,
,Quetiapine fumarate,63629-4939,Removal of Extraluminal Device from Epididymis and Spermatic Cord,,,
,Itchy Gone,57520-0777,Change Other Device on Back,4,23.72,Comedy|Drama
,Flecainide Acetate,0054-0012,Inspection of Pleura,,,
,Childrens Allergy Relief,11822-0025,Removal of Synthetic Substitute from Right Femoral Shaft,,,
,Number Ten Mold Mixture,49288-0586,Division of Accessory Nerve,,,
,TOPIRAMATE,35356-470,Revision of Nonautologous Tissue Substitute in Left Sternoclavicular Joint,,,
,Kroger,30142-149,Excision of Left Lower Leg Muscle,,,
,Ondansetron,55045-3848,Drainage of Left External Ear with Drainage Device,,,
,LEVOTHYROXINE SODIUM,60760-340,Drainage of Left Wrist Joint,,,
,Rhizopus oryzae,36987-2074,Revision of Nonautologous Tissue Substitute in Scrotum and Tunica Vaginalis,,,
,365 Everyday Value Arnica,42681-0512,Removal of Drainage Device from Penis,,,
,Anticavity Fluoride Rinse,37808-163,Destruction of Right Upper Leg Skin,,,
,ck one 3-in-1 face makeup,66184-410,Supplement Right Lower Extremity Lymphatic with Synthetic Substitute,,,
,Instant Hand Sanitizer With Aloe and Vitamin E,50154-1060,Drainage of Left Ankle Tendon,,,
,Coconut,57691-565,Extirpation of Matter from Phrenic Nerve,,,
,Vitamin K1,55154-2388,Restriction of Transverse Colon with Intraluminal Device,,,
,Equate Maximum Strength Spot Treatment,49035-022,Insertion of Infusion Device into Right Upper Arm,,,
,Clamue Healthy Fresh BB Cream Medium,43526-117,Dilation of Right Ulnar Artery,,,
,Oxygen,64477-001,Dilation of Right Thyroid Artery,,,
,Levothyroxine Sodium,51079-440,Reposition Cervical Vertebra with Internal Fixation Device,,,
,Clonazepam,76237-138,Reposition Right Ureter,,,
,Amoxicillin,65862-071,Drainage of Right Ovary,,,
,Vanilla Cupcake Antibacterial Hand Sanitizer,50563-302,Drainage of Acoustic Nerve,,,
,ideal flawless,10096-0279,Insertion of Limb Lengthening External Fixation Device into Right Humeral Shaft,,,
,age renewal deep wrinkle moisturizer,68634-0029,Drainage of Right Toe Phalanx with Drainage Device,,,
,Garnier Fructis Antidandruff,67718-942,Insertion of Infusion Device into Left Brachial Vein,,,
,bareMinerals READY Touch Up Veil Broad Spectrum SPF 15,98132-304,Removal of Internal Fixation Device from Left Rib,,,
,Proactiv,11410-402,Bypass Right Kidney Pelvis to Bladder with Synthetic Substitute,,,
,Weather Changes,57955-5287,Beam Radiation of Arm Skin using Electrons,,,
,Ciprofloxacin,50436-6041,Reposition Left Toe Phalangeal Joint,,,
,TRICLOSAN,53119-575,Dilation of Right Femoral Artery with Drug-eluting Intraluminal Device,,,
,Antibacterial Hand Sanitizer,76138-111,Revision of Spacer in Left Temporomandibular Joint,,,
,nicotine,41250-873,Destruction of Spinal Meninges,,,
,Sheep Sorrel Pollen,49643-405,Electroconvulsive Therapy,,,
,Childrens Pain and Fever,41250-554,Repair Left Rib,,,
,Kids Ear Relief,59262-273,Repair Right Upper Leg Tendon,,,
,Cold Spot,51452-003,Removal of Infusion Device from Bladder,,,
,SHISEIDO THE MAKEUP LIFTING FOUNDATION,52686-293,Measurement of Venous Pressure,,,
,Acetaminophen,,,,,
,Isoniazid,58118-0071,Reposition Perineum Bursa and Ligament,,,
,acarbose,42291-132,Destruction of Pancreatic Duct,,,
,QVAR,59310-204,Supplement Left Upper Leg with Autologous Tissue Substitute,,,
,Pinchot Juniper,36987-2696,Insertion of Spacer into Left Shoulder Joint,,,
,OVACE Plus,0178-0485,Introduction of Analgesics,,,
,Torsemide,0603-6135,Supplement Inferior Mesenteric Artery with Nonautologous Tissue Substitute,,,
,Sinus and Allergy PE,59779-702,Removal of Autologous Tissue Substitute from Nasal Bone,,,
,Theracodeine-300,68405-398,Insertion of Ring External Fixation Device into Right Lower Femur,,,
,Simply Right Nicotine,68196-300,Release Right Basilic Vein,,,
,Levetiracetam,68180-118,Replacement of Left Face Vein with Autologous Tissue Substitute,,,
,Glyburide-Metformin Hydrochloride,23155-234,Drainage of Epiglottis,,,
,CIPROFLOXACIN,61919-421,Drainage of Left Sphenoid Sinus,,,
,tizanidine,60505-0251,Change Cast on Right Upper Arm,56,1683.73,Documentary
,bareMinerals bareSkin Pure Brightening Serum Foundation Broad Spectrum SPF 20,98132-744,Extirpation of Matter from Pituitary Gland,,,
,FormuCare Aspirin,10056-535,Revision of Intraluminal Device in Bladder,,,
,Levofloxacin,0143-9775,Resection of Right Upper Arm Muscle,,,
,Visine A.C.,42002-201,Occlusion of Superior Mesenteric Vein with Intraluminal Device,,,
,ADRENAL ENERGY,49304-0009,Restriction of Right Ureter with Intraluminal Device,,,
,Pleo San Brucel,60681-1234,Extirpation of Matter from Right Posterior Tibial Artery,,,
,Risperidone,58118-5684,Bypass Bilateral Ureters to Colon,,,
,Topcare Cough and Sore Throat,36800-698,Insertion of Infusion Device into Right Upper Extremity,,,
,BOTOX Cosmetic,0023-3919,Resection of Left Kidney Pelvis,,,
,Vanilla Hand Sanitizer,51263-3125,Excision of Abdomen Subcutaneous Tissue and Fascia,,,
,Leader Antacid,37205-200,Dilation of Left Temporal Artery with Two Intraluminal Devices,,,
,StaphWash Plus,43074-105,Resection of Left Iris,,,
,Aspirin,41520-228,Revision of Stimulator Lead in Ureter,,,
,ESIKA,13537-373,Reattachment of Left Upper Leg,,,
,good neighbor pharmacy nicotine,24385-976,Bypass Duodenum to Jejunum with Synthetic Substitute,,,
,Propranolol Hydrochloride,0054-3727,Insertion of Internal Fixation Device into Left Pelvic Bone,,,
,Namenda,55289-937,Bypass Thoracic Aorta,,,
,Venlafaxine Hydrochloride,42291-893,Destruction of Right Hand Artery,,,
,SENSI CARE PROTECTIVE BARRIER,43553-3256,Supplement Right Thumb with Nonautologous Tissue Substitute,,,
,Anticavity,55319-213,Replacement of Upper Tooth,,,
,Ciprofloxacin,52125-789,Fluoroscopy of Right Subclavian Vein using Other Contrast,42,8888.14,
,shoprite ni-calm,41190-763,Drainage of Left Submaxillary Gland,,,
,Atenolol,53489-530,Revision of External Fixation Device in Right Metacarpal,,,
,Sulfamethoxazole and Trimethoprim,61971-120,Packing of Head using Packing Material,33,6157.92,Comedy
,Pleo Chrys,60681-1086,Transfer Radial Nerve to Ulnar Nerve,,,
,Healthy Makeup,10096-0216,Drainage of Right Foot Vein with Drainage Device,,,
,HEM-EASY RELIEF Herbal Anti-Itch MAXIMUM ITCH RELIEF,69179-491,Drainage of Carina,,,
,Fluphenazine Hydrochloride,58118-1437,Repair Left Radius,,,
,3M Avagard D,17518-050,Drainage of Right Adrenal Gland,,,
,Oxygen,52346-013,Bypass Right Fallopian Tube to Left Fallopian Tube with Nonautologous Tissue Substitute,,,
,BETTER THAN NATURE EMULSION,51346-118,Control Bleeding in Left Femoral Region,,,
,Renes Cuprum Special Order,48951-8128,Insertion of External Fixation Device into Right Metatarsal-Tarsal Joint,,,
,pain relief pm,37808-751,Extirpation of Matter from Left Upper Femur,,,
,Amlodipine Besylate,24236-754,Release Right Upper Extremity Bursa and Ligament,,,
,Cetirizine Hydrochloride,67668-161,Plain Radiography of Right Elbow using Low Osmolar Contrast,89,6382.08,
,Bupivacaine Hydrochloride,55150-168,Reposition Thoracic Vertebral Joint with Internal Fixation Device,,,
,Metformin Hydrochloride,24658-291,Supplement Left Upper Leg with Autologous Tissue Substitute,,,
,Famotidine,0172-5728,Dilation of Left Femoral Artery with Two Intraluminal Devices,,,
,PHENERGAN,0641-6085,Beam Radiation of Nasopharynx using Electrons,76,9712.18,Action|Adventure|Comedy|Crime|Romance|Thriller
,Budesonide,0487-9701,Hyperthermia of Chest Skin,78,3190.13,Action|Drama
,ONDANSETRON,58118-0240,Replacement of Right Metacarpal with Autologous Tissue Substitute,,,
,FERROUS SULFATE,53807-177,Transfusion of Nonautologous Fresh Plasma into Peripheral Artery,,,
,Crest 3D White,37000-831,Drainage of Right Ankle Bursa and Ligament with Drainage Device,,,
,Clearasil Ultra,63824-324,Restriction of Right Main Bronchus,,,
,Orasep,54859-503,Introduction of Radioactive Substance into Epidural Space,,,
,DHS SAL,0096-0738,Replacement of Left External Jugular Vein with Nonautologous Tissue Substitute,,,
,Guanfacine Hydrochloride,65162-711,Release Ulnar Nerve,,,
,True Essentials,24488-024,Release Right Acetabulum,,,
,Telmisartan and Amlodipine,13668-343,Release Left Common Iliac Vein,,,
,Fexofenadine Hydrochloride,21695-462,Release Left Finger Phalangeal Joint,,,
,Chlorpropamide,0378-0197,Occlusion of Right Lesser Saphenous Vein,,,
,itchy eye,37808-615,Drainage of Right Shoulder Joint,,,
,Diltiazem Hydrochloride,54868-5208,Excision of Left External Jugular Vein,,,
,AllergyEase Weather Changes,68703-116,Drainage of Right Main Bronchus,,,
,Erythromycin,49999-136,Drainage of Right Upper Lung Lobe,,,
,NITROGEN,22557-002,Dilation of Pancreatic Duct,,,
,ZINACEF,24987-436,Drainage of Left Foot Vein,,,
,Toothache Complex,52731-7044,Removal of Synthetic Substitute from Left Acromioclavicular Joint,,,
,Digoxin,53808-0354,Drainage of Right Thyroid Gland Lobe with Drainage Device,,,
,Bioelements,49825-112,Revision of Monitoring Device in Upper Artery,,,
,Amlodipine Besylate,0904-5992,Removal of Extraluminal Device from Lower Intestinal Tract,,,
,DIVALPROEX SODIUM EXTENDED-RELEASE,55154-4760,Introduction of Analgesics,,,
,Pleo Nig Ex,60681-2112,Repair Left Sclera,,,
,Nitroglycerin Transdermal System,49730-113,Ultrasonography of Head and Neck,65,2268.64,Children|Drama|War
,Aunt Bees Five Flavors,62932-145,Dilation of Inferior Mesenteric Artery,,,
,AMARANTHUS PALMERI POLLEN,0268-1094,Removal of Nonautologous Tissue Substitute from Epididymis and Spermatic Cord,,,
,Pollens - Trees,,,,,
,piperacillin and tazobactam,67457-521,Reposition Left Subclavian Artery,,,
,Juicy Orange Antibacterial Foaming Hand Wash,43269-753,Reposition Right Temporomandibular Joint with Internal Fixation Device,,,
,Haben Herb,69195-1001,Fragmentation in Descending Colon,,,
,XtraCare Ice Cold Topical Analgesic Gel,57337-052,Insertion of Monitoring Device into Superior Vena Cava,,,
,Citalopram,24658-142,Destruction of Lung Lingula,,,
,topcare childrens mucus relief multi symptom cold,36800-839,Drainage of Left Inguinal Region with Drainage Device,,,
,Ampicillin,10515-146,Removal of External Fixation Device from Left Knee Joint,,,
,Theraflu,0043-6265,Supplement Right Ureter with Nonautologous Tissue Substitute,,,
,BENZTROPINE MESYLATE,55154-0696,Bypass Right Basilic Vein to Upper Vein with Autologous Venous Tissue,,,
,Carbamazepine,60429-255,Drainage of Small Intestine,,,
,MISSHA M SIGNATURE RADIANCE TWO WAY PACT,13733-005,Supplement Right Ureter with Nonautologous Tissue Substitute,,,
,Zohar Toothpaste,55754-121,Transfusion of Autologous Globulin into Peripheral Vein,,,
,Nobac Plus E3,31511-010,Extirpation of Matter from Right Lower Lung Lobe,,,
,Ammonia N 13,13267-456,Revision of Autologous Tissue Substitute in Vagina and Cul-de-sac,,,
,Esmolol Hydrochloride,52584-062,Dilation of Left Radial Artery,,,
,HCG Plus,54118-7188,Excision of Left Metacarpophalangeal Joint,,,
,Muellergesic Cream,52564-312,Repair Left Renal Artery,,,
,Candin,59584-138,Excision of Right Middle Lobe Bronchus,,,
,SENSODYNE,0135-0518,Drainage of Left Hand Muscle,,,
,Orapred,59212-700,Dilation of Hepatic Artery,,,
,Dextroamphetamine Saccharate,,,,,
,OMESEC,16853-1308,Revision of Autologous Tissue Substitute in Lumbosacral Disc,,,
,White Hickory,36987-2682,Dilation of Gastric Vein,,,
,EZ2go,76470-005,Revision of Intraluminal Device in Vagina and Cul-de-sac,,,
,SUMATRIPTAN,0781-6524,Replacement of Right Hand Subcutaneous Tissue and Fascia with Synthetic Substitute,,,
,Antispetic,63941-664,Revision of Nonautologous Tissue Substitute in Left Temporomandibular Joint,,,
,Guaifenesin DM,0121-4809,Bypass Left External Iliac Artery to Bilateral Internal Iliac Arteries with Autologous Arterial Tissue,,,
,aspirin,37808-274,Revision of Synthetic Substitute in Thoracic Vertebral Disc,,,
,Stay Awake,70253-226,Removal of Drainage Device from Right Metacarpocarpal Joint,,,
,NICODERM,0135-0145,Revision of Autologous Tissue Substitute in Lower Jaw,,,
,Natural Testosterone,43857-0022,Replacement of Left Thumb Phalanx with Autologous Tissue Substitute,,,
,FLUPHENAZINE HYDROCHLORIDE,49349-354,Fluoroscopy of Bile Ducts using Low Osmolar Contrast,28,5762.58,Comedy|Drama
,Fluoxetine,0378-0735,Transfer Facial Muscle,,,
,Gabapentin,0093-4443,Drainage of Bilateral Adrenal Glands,,,
,butalbital,,,,,
,Fibromyalgia Relief,61727-321,Drainage of Female Perineum with Drainage Device,,,
,DESOGESTREL AND ETHINYL ESTRADIOL AND ETHINYL ESTRADIOL,0378-7296,Supplement of Left Foot Subcutaneous Tissue and Fascia with Synthetic Substitute,,,
,Thyro Tonic,57520-0468,Drainage of Right Large Intestine with Drainage Device,,,
,ADVANCED CELL BOOSTING EX WATERY,51346-197,Bypass Right Renal Vein to Lower Vein with Nonautologous Tissue Substitute,,,
,SOMA Hyulgihwan,58370-2001,Supplement Right External Jugular Vein with Synthetic Substitute,,,
,equaline hair regrowth treatment,41163-856,Occlusion of Ileocecal Valve with Extraluminal Device,,,
,Egg Yolk,36987-1137,Revision of Spacer in Left Carpal Joint,,,
,Viagra,0069-4220,Manual Therapy Techniques Treatment of Integumentary System - Lower Back / Lower Extremity,45,9513.71,Drama
,Sonata,54868-5139,Bypass Abdominal Aorta to Right Internal Iliac Artery with Nonautologous Tissue Substitute,,,
,CLEAR UP Cleansing,62499-394,Occlusion of Left Hand Vein,,,
,Gynobalance,57520-0104,Destruction of Appendix,,,
,Duloxetine,55154-4980,Repair Right Foot Bursa and Ligament,,,
,Dye-Free Allergy,59779-614,Drainage of Bilateral Adrenal Glands,,,
,Rizatriptan Benzoate,68788-9550,Insertion of Pressure Sensor Monitoring Device into Left Pulmonary Vein,,,
,Pioglitazone hydrochloride and glimepiride,0781-5635,Replacement of Perineum Subcutaneous Tissue and Fascia with Autologous Tissue Substitute,,,
,Aspen,36987-2507,Detachment at Left 2nd Toe,,,
,Levothyroxine Sodium,49349-376,Revision of Synthetic Substitute in Thoracic Vertebra,,,
,Oxycodone and Acetaminophen,65162-207,Upper Bones,,,
,Carbamazepine,0832-0611,Supplement Stomach with Synthetic Substitute,,,
,Mirtazapine,76237-210,Reposition Left Clavicle with Internal Fixation Device,,,
,Atenolol,0093-0752,Dilation of Right Foot Artery,,,
,Chicken Feather,49288-0126,Removal of Nonautologous Tissue Substitute from Left Hip Joint,,,
,Low Dose Asprin,55910-563,Drainage of Right Hepatic Duct with Drainage Device,,,
,Pain Reliever,41268-405,Destruction of Right Hypogastric Vein,,,
,cetylpyridinium chloride,53462-175,Dilation of Right Popliteal Artery,,,
,TEMAZEPAM,61919-438,Excision of Cervical Vertebra,,,
,being well omeprazole,46994-915,Destruction of Right Humeral Shaft,,,
,Valacyclovir Hydrochloride,50268-788,Revision of Spacer in Right Hip Joint,,,
,Oxaliplatin,47335-047,Release Left Thorax Tendon,,,
,XtraCare Foam Antibacterial Hand Wash,57337-046,Drainage of Dura Mater,,,
,nitrogen,20703-001,Excision of Right Ulnar Artery,,,
,RHINOCORT AQUA,0186-1070,Reposition Bilateral External Ear,,,
,LBEL COULEUR LUXE AMPLIFIER XP,13537-436,Excision of Hepatic Artery,,,
,MagneBind 400 Rx,68151-4243,Revision of Intraluminal Device in Ureter,,,
,Bethanechol Chloride,50111-323,Repair Stomach,,,
,Bromocriptine mesylate,68151-1305,Bypass Jejunum to Cutaneous with Nonautologous Tissue Substitute,,,
,Repaglinide,65862-672,Excision of Left Knee Joint,,,
,HYDROCODONE BITARTRATE AND ACETAMINOPHEN,0406-0125,Occlusion of Left Vertebral Artery,,,
,SENSAI CONCEALER (BRUSH TYPE),64159-6978,Replacement of Right Hand Subcutaneous Tissue and Fascia with Nonautologous Tissue Substitute,,,
,care one flu and severe cold and cough,41520-964,Bypass Coronary Artery,,,
,nicotine,21130-352,Removal of Nonautologous Tissue Substitute from Right Metatarsal-Tarsal Joint,,,
,Multi-Symptom Cold Relief,11822-0529,Bypass Right Subclavian Artery to Left Pulmonary Artery with Nonautologous Tissue Substitute,,,
,DDF,37000-333,Destruction of Soft Palate,,,
,Ephedrine Sulfate,17478-823,Reattachment of Left Hand Tendon,,,
,AZITHROMYCIN,21695-013,Replacement of Left Internal Iliac Artery with Autologous Tissue Substitute,,,
,Extra Strength Aspirin Free Pain Relief,21130-519,Removal of Bone Growth Stimulator from Nasal Bone,,,
,Fluocinolone Acetonide,0713-0324,Release Left Maxilla,,,
,PANROSA Green Apple Scented Hand,50302-300,Obstetrics,,,
,sunmark Povidone-Iodine Topical,49348-622,Inspection of Left Inner Ear,,,
,Nitrofurantion Macrocrystals,52125-120,Introduction of Radioactive Substance into Central Vein,,,
,Amitriptyline Hydrochloride,50436-3075,Drainage of Left Cephalic Vein,,,
,Perrigo Seb Prev,45802-960,Revision of Autologous Tissue Substitute in Right Ulna,,,
,Olay Total Effects Feather Weight Moisturizer,37000-292,Bypass Left Kidney Pelvis to Bladder,,,
,tussin dm,42507-578,Supplement Anus with Nonautologous Tissue Substitute,,,
,Perrigo Hydroquinone,45802-984,Excision of Left Inferior Parathyroid Gland,,,
,R.E.M. Day SPF 30,57913-2834,Bypass Right Hepatic Duct to Stomach,,,
,Vaseline,64942-0034,Revision of Autologous Tissue Substitute in Left Ulna,,,
,fexofenadine hydrochloride,35356-749,Drainage of Left Upper Femur,,,
,Ofloxacin Ophthalmic,60505-0560,Measurement of Venous Pulse,,,
,ERY-TAB,0179-1427,Drainage of Descending Colon with Drainage Device,,,
,Acute Viro Reliever,66579-0019,Supplement Accessory Pancreatic Duct with Autologous Tissue Substitute,,,
,GAVILAX,43386-312,Chiropractic Manipulation of Lower Extremities,,,
,Cold and Cough,63868-065,Drainage of Left Elbow Bursa and Ligament with Drainage Device,,,
,SyReflux,10424-145,Dilation of Coronary Artery,,,
,H-Jock Itch Formula,61077-088,Restriction of Left Thyroid Artery with Extraluminal Device,,,
,Hackberry,36987-3355,Supplement Right Brachial Vein with Autologous Tissue Substitute,,,
,Prevantics Swab,10819-1080,Monitoring of Respiratory Flow,,,
,Analgesic,32472-102,Dilation of Right Femoral Artery,,,
,Azithromycin,63187-093,Reposition Right Ankle Joint,,,
,COTTON FIBER,0268-6303,Excision of Soft Palate,,,
,Anti-Bacterial Hand Spray,62670-3756,High Dose Rate (HDR) Brachytherapy of Tongue using Iridium 192 (Ir-192),42,8763.06,Horror|Romance|Thriller
,HUMATROPE,0002-8149,Revision of Intraluminal Device in Kidney,,,
,Painful Urination,64117-177,Repair Left External Auditory Canal,,,
,fenofibrate,45802-132,Supplement Left Shoulder Bursa and Ligament with Autologous Tissue Substitute,,,
,ceftriaxone,25021-105,Dilation of Right Basilic Vein with Intraluminal Device,,,
,Tamsulosin Hydrochloride,68084-299,Excision of Brachial Plexus,,,
,Doxycycline Hyclate,11819-311,Drainage of Left Upper Arm Subcutaneous Tissue and Fascia,,,
,RIBASPHERE,66435-104,Repair Left Axillary Artery,,,
,Methocarbamol,0615-7573,Insertion of Infusion Device into Ureter,,,
,Neutrogena MoistureShine SPF20,10812-335,Destruction of Left External Ear,,,
,Sodium Chloride,0409-4888,Dilation of Superior Mesenteric Artery,,,
,Citalopram,49349-731,Insertion of Intraluminal Device into Right Posterior Tibial Artery,,,
,Purminerals 4-in-1 14-Hour Wear Foundation Broad Spectrum SPF 15 (GOLDEN MEDIUM),67345-0007,Orofacial Myofunctional Assessment using Audiovisual Equipment,86,748.03,Drama
,Allergy Relief,37808-085,Tomographic (Tomo) Nuclear Medicine Imaging of Left Lower Extremity using Other Radionuclide,90,8322.61,Animation|Children
,Ketoprofen,0093-3193,Resection of Nasopharynx,,,
,Mucus Relief,33992-0107,Supplement Right Hip Joint with Synthetic Substitute,,,
,INLYTA,0069-0151,Fusion of 8 or more Thoracic Vertebral Joints,,,
,Lorcet,55154-7301,Release Facial Muscle,,,
,WATERMELON FROST SORE THROAT,62785-001,Drainage of Glossopharyngeal Nerve,,,
,MESNEX,67108-3565,Dilation of Coronary Artery,,,
,Acyclovir,55289-629,Removal of Intraluminal Device from Right Ear,,,
,Naproxen Sodium,50268-593,Extirpation of Matter from Right Lacrimal Duct,,,
,INSTANT Hand Sanitizer Extra Enriched With Vitamin E Lemon Fresh Scent,33992-1062,Replacement of Right Colic Artery with Nonautologous Tissue Substitute,,,
,Bald Cypress,36987-2621,Excision of Right Foot Tendon,,,
,Fenofibrate,61269-210,Replacement of Left Ulnar Artery with Autologous Tissue Substitute,,,
,LONDON Hand Sanitizer Vanilla Scent,60675-003,Dilation of Left Thyroid Artery,,,
,flormar REBORN FOUNDATION SUNSCREEN BROAD SPECTRUM SPF 20 SF13 Nude Ivory,61722-204,Removal of Extraluminal Device from Fallopian Tube,,,
,Ativan,64455-065,Bypass Right Hand Vein to Upper Vein with Autologous Tissue Substitute,,,
,VFEND,55154-2725,Insertion of Artificial Sphincter into Bladder Neck,,,
,Cultivated Rye,36987-2372,Extirpation of Matter from Left Upper Leg Subcutaneous Tissue and Fascia,,,
,Treatment Set TS349291,49288-0911,Excision of Bilateral Epididymis,,,
,Gabapentin,58118-0223,Plaque Radiation of Sinuses,20,1716,Adventure|Drama|Romance
,A-D-D,61657-0015,Replacement of Right Cephalic Vein with Synthetic Substitute,,,
,PureLife APF,68987-024,Revision of Intraluminal Device in Right Ear,,,
,Fluconazole,49349-199,Removal of Other Device from Female Perineum,,,
,LEVOPHED,0409-3375,Occlusion of Right Internal Mammary Artery with Intraluminal Device,,,
,Bromday,24208-099,High Dose Rate (HDR) Brachytherapy of Pituitary Gland using Cesium 137 (Cs-137),6,2506.71,Comedy|Crime
,LEADER ORIGINAL FORMULA,37205-139,Insertion of Internal Fixation Device into Thoracic Vertebral Joint,,,
,Risperidone,55111-202,Bypass Coronary Artery,,,
,Cold Spot,65121-001,Reposition Left Lacrimal Gland,,,
,Nadolol,42254-218,Dilation of Left Anterior Tibial Artery,,,
,SELENIUM SULFIDE,54569-1139,Repair Trachea,,,
,Neova DNA Damage Control - Everyday,62362-159,Drainage of Gastric Artery with Drainage Device,,,
,Baby Teething,54973-3127,Removal of Spacer from Right Carpal Joint,,,
,Verapamil Hydrochloride,0378-6203,Fusion of Lumbar Vertebral Joint with Synthetic Substitute,,,
,CEFTRIAXONE,68180-611,Removal of Other Device from Abdominal Wall,,,
,Sports For Trauma,53499-5492,Occlusion of Left Basilic Vein with Intraluminal Device,,,
,Voraxaze,50633-210,Destruction of Right Brachial Artery,,,
,Amitriptyline Hydrochloride,64725-1487,Supplement Thoracic Aorta,,,
,Depo-Medrol,0009-3475,Fluoroscopy of Upper Extremity,3,5209.02,Horror|Sci-Fi
,Cafe au lait Always Stay-on Makeup Broad Spectrum SPF 15,68828-168,Extirpation of Matter from Right Pulmonary Artery,,,
,TEMAZEPAM,61919-438,Release Transverse Colon,,,
,Treatment Set TS340153,49288-0808,Revision of Infusion Device in Penis,,,
,COCONUT,54575-378,Drainage of Right Elbow Bursa and Ligament,,,
,Desoximetasone,68462-531,Plaque Radiation of Brain Stem,16,6663.5,Action|Comedy
,Proactiv Revitalizing Toner Combination Therapy Acne Treatment,11410-019,Inspection of Female Perineum,,,
,Azor,65597-113,Drainage of Left Thorax Tendon,,,
,Benicar,35356-216,Replacement of Superior Mesenteric Artery with Autologous Tissue Substitute,,,
,Pain Relief PM,41163-229,Computerized Tomography (CT Scan) of Colon using Low Osmolar Contrast,,,
,GOWOONSESANG PERFECT PORE COVER BB,51621-044,Planar Nuclear Medicine Imaging of Kidneys,,,
,ibuprofen,59779-647,Range of Motion and Joint Mobility Treatment of Neurological System - Head and Neck using Prosthesis,55,2703.47,Drama
,Treatment Set TS329123,49288-0688,Bypass Right Basilic Vein to Upper Vein with Nonautologous Tissue Substitute,,,
,Heparin Sodium in Dextrose,0338-0552,Revision of Internal Fixation Device in Left Radius,,,
,Mirtazapine,59762-1412,Extirpation of Matter from Right Hand Artery,,,
,Acetaminophen,,,,,
,ARNICA MONTANA,10191-1245,Bypass Bilateral Ureters to Colocutaneous with Nonautologous Tissue Substitute,,,
,LORAZEPAM,42549-558,Resection of Left Large Intestine,,,
,Glycopyrrolate,0722-7097,Release Left Submaxillary Gland,,,
,Ranitidine,35356-670,Dilation of Splenic Artery with Three Drug-eluting Intraluminal Devices,,,
,Kogenate FS,0026-3793,Therapeutic Exercise Treatment of Integumentary System - Upper Back / Upper Extremity using Prosthesis,63,5544.39,Drama|Fantasy|Romance
,Triamterene and Hydrochlorothiazide,54569-2545,Bypass Left Kidney Pelvis to Ileocutaneous with Nonautologous Tissue Substitute,,,
,Ciprofloxacin,0143-9927,Insertion of Defibrillator Generator into Abdomen Subcutaneous Tissue and Fascia,,,
,Tiger Balm White,66761-309,Introduction of Anti-inflammatory into Ear,,,
,Norco,52544-161,Removal of Nonautologous Tissue Substitute from Abdominal Wall,,,
,Fragmin,62856-250,Excision of Ampulla of Vater,,,
,SHISEIDO WHITE LUCENT BRIGHTENING SPOT-CONTROL FOUNDATION (REFILL),52686-257,Division of Left Carpal,,,
,Pentoxifylline,53808-0757,Extirpation of Matter from Nasal Bone,,,
,Stay Alert Aid,11822-0226,Bypass Left Fallopian Tube to Uterus with Autologous Tissue Substitute,,,
,Peptic Relief,15127-550,Transfer Glossopharyngeal Nerve to Abducens Nerve,,,
,Panatuss PED,11026-2785,Insertion of Infusion Device into Right Upper Extremity,,,
,ESIKA,13537-346,Restriction of Large Intestine with Intraluminal Device,,,
,Venlafaxine,53808-0937,Detachment at Right Thumb,,,
,Pramipexole Dihydrochloride,60951-935,Extirpation of Matter from Left Axillary Lymphatic,,,
,DARANIDE,51672-4144,Repair Right Scapula,,,
,Aspergillus niger,36987-1889,Drainage of Left Face Vein,,,
,Terrasil Balanitis Relief,24909-119,Replacement of Left Pulmonary Artery with Zooplastic Tissue,,,
,Equate Pain Relieving,49035-049,Excision of Left Lower Leg Subcutaneous Tissue and Fascia,,,
,ERYTHROMYCIN ETHYLSUCCINATE AND SULFISOXAZOLE ACETYL,54868-0971,Repair Lumbosacral Disc,,,
,Lobelia Quercus,48951-6045,Supplement Right Face Vein with Autologous Tissue Substitute,,,
,Orphenadrine Citrate,0185-0022,Revision of Nonautologous Tissue Substitute in Upper Tendon,,,
,Short Ragweed,49643-315,Drainage of Left Acromioclavicular Joint with Drainage Device,,,
,TREXIMET,21695-954,Destruction of Left Parotid Duct,,,
,Verapamil Hydrochloride,54868-5984,Removal of Drainage Device from Cervical Vertebral Disc,,,
,Cyclobenzaprine Hydrochloride,58118-0541,Removal of Nonautologous Tissue Substitute from Stomach,,,
,Neutrogena Wet Skin Swim-Humidity-Sweat Sunblock,10812-967,Release Tibial Nerve,,,
,Dr. Eslee Physical Sunscreen,76340-1201,Beam Radiation of Pelvic Bones using Neutrons,100,6198.11,Comedy|Drama|Romance
,Spring Grove Unscented Hand Sanitizer,61827-056,Supplement Right Wrist Bursa and Ligament with Autologous Tissue Substitute,,,
,IASO FOR MEN WHITE EX AFTER SHAVE SUPREME,75847-1701,Replacement of Right Acetabulum with Synthetic Substitute,,,
,Naproxen,31722-342,Occlusion of Left Radial Artery,,,
,HELIOX,10006-009,Revision of Drainage Device in Pleura,,,
,TOFRANIL,0406-9920,Supplement Perineum Bursa and Ligament with Synthetic Substitute,,,
,TIMOLOL MALEATE,52125-482,Revision of Internal Fixation Device in Right Fibula,,,
,Dr MINERAL Nasal Spray,50499-100,Supplement Right Lower Arm and Wrist Tendon with Synthetic Substitute,,,
,Famciclovir,0378-4491,Removal of Autologous Tissue Substitute from Upper Back,,,
,Nadolol,0378-1132,Excision of Left Tarsal Joint,,,
,Sunmark Adult Tussin,49348-421,High Dose Rate (HDR) Brachytherapy of Cervix using Iodine 125 (I-125),64,5173.68,Animation|Horror
,Amoxicillan,51655-159,Tomographic (Tomo) Nuclear Medicine Imaging of Pelvic Region using Iodine 123 (I-123),13,6033.71,Action|Crime|Drama
,Professional Weight Support,43742-0102,Revision of Nonautologous Tissue Substitute in Left Auditory Ossicle,,,
,smart sense miconazole 1,49738-737,Release Brachial Plexus,,,
,All Day Allergy Relief,55910-220,Tomographic (Tomo) Nuclear Medicine Imaging of Right Breast using Technetium 99m (Tc-99m),80,8138.42,Comedy
,Lithium Carbonate,51079-142,Removal of Neurostimulator Lead from Left Innominate Vein,,,
,Levothyroxine sodium,0781-5191,Destruction of Left Hand Muscle,,,
,Coppertone Tanning Dry Oil,11523-7216,Revision of Internal Fixation Device in Right Glenoid Cavity,,,
,Epidermophyton,49288-0194,Removal of Drainage Device from Penis,,,
,Carvedilol,50436-2608,Reposition Sacrum with Internal Fixation Device,,,
,ALTERNARIA TENUIS,0268-0813,Destruction of Right Sphenoid Sinus,,,
,Ramipril,54868-5842,Upper Arteries,,,
,Growth Hormone,62835-689,Reposition Right External Jugular Vein,,,
,BareMinerals Golden Medium matte,98132-134,Revision of Infusion Device in Left Knee Joint,,,
,topiramate,0832-0708,Drainage of Right Kidney,,,
,Trazodone Hydrochloride,0603-6161,Supplement Right Zygomatic Bone with Synthetic Substitute,,,
,Azithromycin Dihydrate,68788-9529,Replacement of Right Face Vein with Synthetic Substitute,,,
,Eye Wash,13985-013,Replacement of Upper Lip with Autologous Tissue Substitute,,,
,levetiracetam,68180-116,Dilation of Left Common Iliac Artery with Intraluminal Device,,,
,Horse Fly,36987-1808,Repair Right Testis,,,
,Hemorrhoids,55714-2220,Removal of Infusion Device from Ovary,,,
,Lisinopril,49349-391,Removal of Autologous Tissue Substitute from Peritoneum,,,
,FRESH JUICE E,76214-025,Fluoroscopy of Right Hand,65,111.29,Comedy|Drama|Romance
,All Day Allergy,41268-458,Dilation of Left Subclavian Artery with Four or More Drug-eluting Intraluminal Devices,,,
,Spongatos,68428-001,Bypass Left Ventricle to Left Pulmonary Artery,,,
,Smart Sense naproxen sodium,49738-490,Extraction of Head and Neck Bursa and Ligament,,,
,Antacid,55312-485,Replacement of Left Lacrimal Duct with Synthetic Substitute,,,
,lisinopril,50436-7988,Alteration of Right Knee Region with Synthetic Substitute,,,
,No7 Lift and Luminate Foundation Sunscreen Broad Spectrum SPF 15 Hazelnut,61589-6013,Repair Left Radius,,,
,CareOne Acid Reducer,41520-950,Revision of Infusion Device in Genitourinary Tract,,,
,Fluphenazine Hydrochloride,53808-0247,Supplement Nasopharynx with Synthetic Substitute,,,
,Leader Aller Ease,49781-034,Supplement Left Foot with Nonautologous Tissue Substitute,,,
,Cuprum aceticum Zincum valerianicum,48951-3143,Drainage of Facial Nerve with Drainage Device,,,
,EXTENDED PHENYTOIN SODIUM,55648-720,Restriction of Lower Esophagus with Intraluminal Device,,,
,Maximum Strength Flu HBP,55910-461,Dilation of Splenic Artery,,,
,Clean Choice Foodservice Antibacterial,11084-255,Division of Right Thorax Bursa and Ligament,,,
,GABAPENTIN,25000-104,Dilation of Right Eustachian Tube,,,
,Oxybutynin Chloride,60432-092,Drainage of Lumbar Nerve,,,
,Divalproex Sodium,0603-3443,Removal of Drainage Device from Uterus and Cervix,,,
,Ranitidine,59779-356,Removal of Splint on Left Upper Leg,48,6495.25,Comedy|War
,Perfecting Liquid Foundation Alabaster,42508-153,Bypass Portal Vein to Left Renal Vein with Autologous Tissue Substitute,,,
,Sulfur 30 Special Order,48951-8248,Fluoroscopy of Left Wrist using Other Contrast,6,9884.19,Comedy|Crime
,Garnier Skin Naturals,49967-671,Replacement of Left Breast with Synthetic Substitute,,,
,Childrens Mucinex,63824-285,Drainage of Right Lower Lung Lobe with Drainage Device,,,
,HAMSOA YUYU PURE MILD WASH,50964-020,Reposition of Cervical Vertebra using Magnetically Controlled Growth Rod(s),,,
,Oral Assist,68703-090,Bypass Right Axillary Artery to Right Upper Arm Artery with Synthetic Substitute,,,
,Cephalexin,66116-400,Replacement of Right Anterior Tibial Artery with Nonautologous Tissue Substitute,,,
,Allopurinol,51079-205,Reposition Right Mandible with External Fixation Device,,,
,Warfarin Sodium,31722-334,Introduction of Other Diagnostic Substance into Nose,,,
,health mart ibuprofen,62011-0011,Removal of Infusion Device from Peritoneal Cavity,,,
,SULFACETAMIDE SODIUM,68387-491,Removal of Drainage Device from Left Extraocular Muscle,,,
,SHISEIDO SHEER AND PERFECT FOUNDATION,58411-105,Drainage of Left Ulnar Artery with Drainage Device,,,
,Venlafaxine Hydrochloride,65862-528,Dilation of Right Subclavian Artery with Four or More Intraluminal Devices,,,
,Sotalol Hydrochloride,68151-2702,Bypass Left Femoral Artery to Bilateral Femoral Arteries with Synthetic Substitute,,,
,Sure Invisible Solid Regular,41595-5510,Supplement Transverse Colon with Autologous Tissue Substitute,,,
,Hydrogen Peroxide,41190-871,Bypass Cecum to Rectum with Autologous Tissue Substitute,,,
,Hydromorphone Hydrochloride,35356-815,Removal of Drainage Device from Hepatobiliary Duct,,,
,HurriCaine,0283-0679,Dilation of Left Popliteal Artery,,,
,Coppertone oil free,11523-7329,Revision of Infusion Device in Thymus,,,
,Etodolac,54868-1978,Supplement Right Auditory Ossicle with Synthetic Substitute,,,
,tizanidine,60505-0251,Drainage of Right Ethmoid Sinus with Drainage Device,,,
,CLARINS BROAD SPECTRUM SPF 50 Plus - SUNSCREEN FOR FACE WRINKLE CONTROL,58668-4031,Fusion of Right Tarsal Joint,,,
,Reef Safe SPF 40,52854-400,Drainage of Right Knee Region,,,
,kirkland signature minoxidil,63981-798,Change Intermittent Pressure Device on Right Finger,18,196.08,Comedy
,Lorazepam,63739-156,Extirpation of Matter from Right Ventricle,,,
,Fosinopril Sodium,54868-5064,Revision of Extraluminal Device in Kidney,,,
,TRIAMCINOLONE ACETONIDE,16590-234,Drainage of Cerebral Hemisphere,,,
,Fluconazole,65862-299,Insertion of Infusion Device into Celiac Artery,,,
,BENEFIANCE PROTECTIVE HAND REVITALIZER,52686-106,Repair Right Ethmoid Sinus,,,
,Pain Relief,11822-0008,Detachment at Left Ring Finger,,,
,Diovan HCT,55154-9663,Dilation of Face Artery,,,
,Berberis Homaccord,50114-1200,Revision of Neurostimulator Lead in Cranial Nerve,,,
,Mag-Al Plus XS,55154-9422,Dilation of Right External Carotid Artery,,,
,Algenist,53407-155,Excision of Left Pleura,,,
,Isosorbide,52125-059,Extirpation of Matter from Right Thyroid Gland Lobe,,,
,Sheer Cover Pressed Mineral Foundation,11410-600,Excision of Cerebral Meninges,,,
,HYDROCODONE BITARTRATE AND ACETAMINOPHEN,43353-721,Destruction of Right External Carotid Artery,,,
,MINTOX MAXIMUM STRENGTH,0904-5725,Drainage of Right Lower Arm and Wrist Tendon,,,
,clindamycin hydrochloride,21695-034,Measurement of Products of Conception,,,
,Triazolam,68788-9542,Reposition Right Elbow Bursa and Ligament,,,
,Telmisartan,0054-0542,Insertion of Feeding Device into Duodenum,,,
,AMOREPACIFIC,43419-507,Replacement of Lower Gingiva with Nonautologous Tissue Substitute,,,
,Medi First Plus Sinus Pain and Pressure,47682-158,Revision of Autologous Tissue Substitute in Right Shoulder Joint,,,
,Warfarin Sodium,54868-4349,Beam Radiation of Peripheral Nerve using Neutrons,94,9836.61,Children|Comedy
,Anticavity Fluoride Rinse,55316-213,Supplement Thoracolumbar Vertebral Disc with Synthetic Substitute,,,
,Muscle Rub Ultra,37808-773,Occlusion of Right Radial Artery with Intraluminal Device,,,
,DawnMist Antiperspirant Deodorant,65517-1005,Supplement Face with Synthetic Substitute,,,
,Zithranol,42783-111,Release Right Maxilla,,,
,DOBUTamine,0409-2025,Drainage of Right Femoral Vein,,,
,Carbo Chamomilla Digestive Support,48951-3024,Bypass Right Femoral Artery to Peroneal Artery with Nonautologous Tissue Substitute,,,
,RAPAFLO,54868-6173,Division of Left Upper Arm Tendon,,,
,Divine Lift Foundation SPF,50184-6700,Destruction of Thoracic Duct,,,
,Cuprum Stannum,48951-3145,Repair Upper Esophagus,,,
,DOCTORS CHOICE,63783-013,Extirpation of Matter from Left Vitreous,,,
,Antibacterial Foaming Hand Sanitizer,50988-192,Extirpation of Matter from Gastric Artery,,,
,MARK. BLEMISH BANISHER,10096-0194,Drainage of Right Seminal Vesicle,,,
,AZACTAM,0003-2570,Immobilization of Right Lower Arm using Brace,93,8592.33,Animation|Children|Drama|Musical|Romance
,Potassium Phosphates,0409-7295,Repair Nervous System in Products of Conception,,,
,REBETOL,0085-1318,Removal of Autologous Tissue Substitute from Left Lower Femur,,,
,LUSTER NOW,57353-103,Destruction of Right Ulnar Artery,,,
,Sanitex MVP Liquid Anti-Bacterial,52007-110,Inspection of Lower Bursa and Ligament,,,
,Allergy,30142-479,Introduction of Electrolytic and Water Balance Substance into Upper GI,,,
,Peppermint Swirl Antibacterial Hand Sanitizer,50563-303,Revision of Interbody Fusion Device in Cervical Vertebral Joint,,,
,DAY CREAM REPLENISHING HYDRATOR,34022-102,Excision of Left Common Iliac Vein,,,
,Treatment Set TS329526,49288-0737,Destruction of Bilateral Vas Deferens,,,
,Acid Reducer,51660-351,Excision of Stomach,,,
,HAMSOA YUYU PURE MILD FOAMING WASH,50964-100,Revision of Drainage Device in Right Wrist Joint,,,
,LBEL SUPREMACIE NX JOUR Replenishing Daytime Face SPF 15 Normal To Oily Skin,43596-0006,Restriction of Middle Esophagus with Extraluminal Device,,,
,Hydrocodone Bitartrate and Acetaminophen,12634-616,Bypass Right Kidney Pelvis to Ileocutaneous with Nonautologous Tissue Substitute,,,
,Activive,49726-002,Introduction of Analgesics,,,
,Nicotrol,0009-5401,Occlusion of Left Lacrimal Duct,,,
,Zolpidem Tartrate,0093-0074,Removal of Extraluminal Device from Ureter,,,
,Phenobarbital,0463-6160,Repair Left Thyroid Artery,,,
,NO-WEAK-NAILS,59672-0916,Reposition Right Hip Bursa and Ligament,,,
,Barriere,65197-426,Excision of Bilateral Lungs,,,
,Nasal Decongestant,59970-052,Supplement Left Ring Finger with Synthetic Substitute,,,
,DILT-CD,60505-0007,Introduction of Other Therapeutic Substance into Mouth and Pharynx,,,
,INSTANT HAND SANITIZER,59450-223,Aphasia Assessment,51,9111.73,Action|Adventure|Drama|War
,Carbon Dioxide,54949-004,Bypass Superior Vena Cava to Pulmonary Vein Confluence with Autologous Venous Tissue,,,
,Homeopathic Allergy Formula,10578-016,Bypass Left External Iliac Artery to Right Femoral Artery with Nonautologous Tissue Substitute,,,
,Lisinopril,49349-374,Excision of Right Upper Arm Muscle,,,
,HYDROCODONE BITARTRATE,61919-296,Destruction of Left External Ear,,,
,Wild Strawberry Anti-Bacterial Hand Sanitizer,49371-037,Extirpation of Matter from Bilateral Lungs,,,
,Hand Sanitizer,49348-405,Revision of Drainage Device in Bladder,,,
,Coppertone Clearly Sheer For Beach and Pool,11523-7368,Reposition Left Humeral Shaft with Ring External Fixation Device,,,
,Licel,76441-902,Nonimaging Nuclear Medicine Probe of Lower Extremity using Other Radionuclide,79,2432.91,Drama
,Orabase Benzocaine,0126-0082,Ventilation,,,
,Enoxaparin Sodium,0548-5601,Supplement Bilateral External Ear with Nonautologous Tissue Substitute,,,
,LOSARTAN POTASSIUM and HYDROCHLOROTHIAZIDE,60760-760,Supplement Right Axillary Vein with Synthetic Substitute,,,
,Chamomilla Belladonna Special Order,48951-3061,Drainage of Right Acromioclavicular Joint,,,
,Hemorrhoid,50114-8006,Change Traction Apparatus on Head,90,8854.03,Action|Thriller
,Sportenine,0220-9352,Excision of Right Foot,,,
,Symbyax,0002-3232,Destruction of Stomach,,,
,Hydrocodone Bitartrate and Acetaminophen,0591-0503,Dilation of Left Lesser Saphenous Vein,,,
,Cefdinir,67253-012,Division of Left Tibia,,,
,METOPROLOL SUCCINATE,58118-0734,Extirpation of Matter from Cecum,,,
,Natures Gate,61380-259,Revision of External Fixation Device in Right Patella,,,
,Tamsulosin Hydrochloride,10370-169,Repair Right Subclavian Artery,,,
,Amoxicillin and Clavulanate Potassium,54569-5470,Replacement of Hair with Synthetic Substitute,,,
,CVS,59779-273,Occlusion of Right Hand Artery with Intraluminal Device,,,
,Aller-Chord Food,64578-0056,Revision of Nonautologous Tissue Substitute in Lower Artery,,,
,Lisinopril and Hydrochlorothiazide,60505-0206,Extirpation of Matter from Uterus,,,
,Sodium Chloride,49349-943,Alteration of Abdominal Wall with Nonautologous Tissue Substitute,,,
,Alba Hawaiian Aloe Vera Sunblock SPF 30,61995-2825,Dilation of Right Anterior Tibial Artery,,,
,Advanced First Aid,57955-6000,Beam Radiation of Skull using Photons <1 MeV,66,4755.56,Horror
,Woodwards HandClens Foaming Sanitizer,60193-201,Release Right Metatarsal-Phalangeal Joint,,,
,ClearCalm 3 Anti-Acne Starter,51417-3341,Dilation of Right Common Iliac Artery with Four or More Drug-eluting Intraluminal Devices,,,
,Cefdinir,0781-6077,Removal of Nonautologous Tissue Substitute from Left Ankle Joint,,,
,Leader Allergy,37205-277,Replacement of Right External Iliac Vein with Autologous Tissue Substitute,,,
,OBAGI-C RX SYSTEM NORMAL-DRY,62032-524,Inspection of Left Femoral Region,,,
,Aceon,76234-000,Drainage of Left Ethmoid Sinus,,,
,Oxycodone and Acetaminophen,42858-103,Release Bilateral Adrenal Glands,,,
,INSTANT Hand Sanitizer Extra Enriched With Vitamin E Vanilla Scent,33992-1067,Repair Left Glenoid Cavity,,,
,Walgreens,0363-8130,Excision of Right Metatarsal,,,
,HASOL Intensive Scalp Tonic,51270-120,Excision of Portal Vein,,,
,Spironolactone,0378-0243,Supplement Right Breast with Autologous Tissue Substitute,,,
,simvastatin,53808-0919,Plain Radiography of Right Lower Extremity Lymphatics using Other Contrast,17,6237.24,Documentary
,Diorskin Nude Natural Glow Makeup 050 Dark Beige,61957-2050,Reposition Right Maxilla with External Fixation Device,,,
,Phenylephrine Hydrochloride,66758-016,Insertion of Other Device into Left Upper Extremity,,,
,Vancomycin Hydrochloride,0409-6531,Resection of Left Eye,,,
,risperidone,68382-155,Occlusion of Descending Colon with Intraluminal Device,,,
,Extra Thick Callus Removers,49035-019,Revision of Extraluminal Device in Bladder,,,
,Carbidopa and levodopa,0228-2538,Bypass Left Subclavian Artery to Right Lower Arm Artery with Synthetic Substitute,,,
,ANTIBACTERIAL FOAMING,47124-177,Introduction of Intracirculatory Anesthetic into Central Vein,,,
,Neostigmine Methylsulfate,0641-6141,Division of Left Lower Extremity Bursa and Ligament,,,
,Carvedilol,55154-1681,Supplement Upper Esophagus with Autologous Tissue Substitute,,,
,Medrol,54569-0327,Change Splint on Left Inguinal Region,63,3360.83,Animation|Children|Comedy|Musical
,Ropinirole Hydrochloride,68084-195,Destruction of Left Common Iliac Vein,,,
,Ranitidine,66116-518,Irrigation of Pericardial Cavity using Irrigating Substance,,,
,PAROXETINE,55154-0736,Drainage of Left Face Vein,,,
,Pioglitazone,63304-255,Bypass Left Pleural Cavity to Pelvic Cavity with Synthetic Substitute,,,
,Carcinosin,43742-0208,Plain Radiography of Other Veins using High Osmolar Contrast,72,6594.23,Drama
,Terazosin,24236-669,Supplement Right Little Finger with Synthetic Substitute,,,
,Extra Strength Acetaminophen PM,55319-556,Insertion of Infusion Device into Right Metacarpophalangeal Joint,,,
,NO-AD 15 Sunscreen,62802-212,Drainage of Left Upper Leg Subcutaneous Tissue and Fascia with Drainage Device,,,
,California Black Walnut,36987-3070,Drainage of Right Cephalic Vein,,,
,CVS,59779-272,Supplement Left Elbow Joint with Autologous Tissue Substitute,,,
,Bleomycin,61703-332,Revision of Spacer in Right Metatarsal-Phalangeal Joint,,,
,Dermarest,63736-302,Occlusion of Thorax Lymphatic with Intraluminal Device,,,
,PF ANTI-BACTERIAL HAND SANITIZING WIPES,76323-001,Transfusion of Autologous White Cells into Peripheral Vein,,,
,Risperidone,58118-5685,Repair Left Hepatic Duct,,,
,Donepezil Hydrochloride,33342-030,Replacement of Right Internal Jugular Vein with Synthetic Substitute,,,
,Berberis Vulgaris Kit Refill,68428-134,Drainage of Left Ankle Bursa and Ligament with Drainage Device,,,
,Strattera,0002-3238,Removal of Autologous Tissue Substitute from Urethra,,,
,Molds,,,,,
,Comtan,55154-3428,Supplement Left Lower Extremity Lymphatic with Synthetic Substitute,,,
,Sleep Aid,59779-409,Drainage of Left Shoulder Joint with Drainage Device,,,
,Gabapentin,0228-2637,Supplement Upper Gingiva with Autologous Tissue Substitute,,,
,RUE 21 Apple Anti Bacterial Hand Sanitizer,50563-168,Plain Radiography of Cervical Facet Joint(s) using Other Contrast,39,1729.17,Comedy|Musical|Romance
,Birch,36987-2535,Removal of Other Device from Chest Wall,,,
,Chloroquine Phosphate,43063-454,Insertion of Intramedullary Internal Fixation Device into Left Ulna,,,
,Amoebasode,43772-0015,Restriction of Left Axillary Lymphatic,,,
,LATISSE,0023-3616,Destruction of Nasal Bone,,,
,IXEMPRA,0015-1911,Removal of Intraluminal Device from Nose,,,
,Flecainide Acetate,63304-795,Mouth and Throat,,,
,Kirkland Signature AllerClear D 12 hr,63981-013,Removal of Internal Fixation Device from Left Elbow Joint,,,
,Ibuprofen,52125-234,Release Mesentery,,,
,Hexalen,62856-001,Release Left Axillary Artery,,,
,Bryonia Stannum,48951-2087,Release Epiglottis,,,
,Advanced relief,41520-532,Restriction of Middle Esophagus with Extraluminal Device,,,
,Teeth - Gums,55714-2283,Revision of Synthetic Substitute in Thoracic Vertebral Disc,,,
,Levothyroxine sodium,0781-5191,Revision of Drainage Device in Pelvic Cavity,,,
,kirkland signature Minoxidil,63981-294,Repair Right Axillary Artery,,,
,Sunmark Cold Head Congestion,49348-791,Revision of Synthetic Substitute in Kidney,,,
,Fluoxetine,65862-192,Drainage of Left Trunk Muscle,,,
,PHOSLYRA,49230-643,Excision of Skull,,,
,Bacitracin Zinc,52959-113,Beam Radiation of Pelvic Bones using Photons 1 - 10 MeV,83,8174.85,Drama
,Sporting Edge,57955-5031,Drainage of Left Sphenoid Bone,,,
,Amlodipine Besylate,42806-055,Revision of Infusion Device in Right Hip Joint,,,
,GOODSENSE MEDICATED PADS,75981-007,Occlusion of Stomach,,,
,Loratadine and Pseudoephedrine,0363-0725,High Dose Rate (HDR) Brachytherapy of Trachea using Cesium 137 (Cs-137),76,4323.6,Action|Comedy|Crime
,LAMOTRIGINE,49349-857,Muscle Performance Assessment of Neurological System - Head and Neck using Prosthesis,67,4479.17,Crime|Drama|Thriller
,Metformin Hydrochloride,63629-1395,Drainage of Left Sublingual Gland,,,
,Modafinil,63629-4998,Supplement Left Foot Muscle with Synthetic Substitute,,,
,Ibuprofen,51655-049,Removal of Infusion Device from Left Eye,,,
,Alprazolam,0781-1061,Drainage of Right Elbow Region,,,
,Neutrogena Oil Free Acne Wash,10812-900,Replacement of Right External Iliac Artery with Autologous Tissue Substitute,,,
,H Acne Formula,57520-1111,Excision of Chest Wall,,,
,Rugby Calcium Carbonate 10 gr,0536-1024,Insertion of Spacer into Right Ankle Joint,,,
,Waterless Fragrance Free Hand Sanitizer,55319-501,Removal of Spacer from Left Shoulder Joint,,,
